"","ID","Pathway_Size","CoExp_Pairs","pvalue","padj","Description"
"1","hsa00190",89,735,0,0,"Oxidative phosphorylation"
"2","hsa03010",130,3182,0,0,"Ribosome"
"3","hsa04714",158,1206,0,0,"Thermogenesis"
"4","hsa05010",288,2785,0,0,"Alzheimer disease"
"5","hsa05012",201,2020,0,0,"Parkinson disease"
"6","hsa05014",270,2609,0,0,"Amyotrophic lateral sclerosis"
"7","hsa05016",221,2595,0,0,"Huntington disease"
"8","hsa05020",200,1627,0,0,"Prion disease"
"9","hsa05022",360,3774,0,0,"Pathways of neurodegeneration - multiple diseases"
"10","hsa05171",176,2139,0,0,"Coronavirus disease - COVID-19"
"11","hsa05322",90,765,0,0,"Systemic lupus erythematosus"
"12","hsa04820",186,1424,1.07632200946516e-319,3.24690555199596e-318,"Cytoskeleton in muscle cells"
"13","hsa04514",121,829,2.02947143714229e-278,5.6512973865039e-277,"Cell adhesion molecule (CAM) interaction"
"14","hsa04613",120,810,3.6083892051889e-270,9.33026351627416e-269,"Neutrophil extracellular trap formation"
"15","hsa03040",134,898,1.8006797821999e-261,4.34564054104243e-260,"Spliceosome"
"16","hsa04110",125,830,1.32781232500228e-259,3.00417538531765e-258,"Cell cycle"
"17","hsa05208",154,1018,2.25621294405869e-243,4.80440638676026e-242,"Chemical carcinogenesis - reactive oxygen species"
"18","hsa04640",77,490,4.60908605564573e-238,9.26938417857642e-237,"Hematopoietic cell lineage"
"19","hsa05415",135,867,1.39531114642555e-237,2.65843492108446e-236,"Diabetic cardiomyopathy"
"20","hsa05150",69,418,4.37053081112834e-214,7.91066076814229e-213,"Staphylococcus aureus infection"
"21","hsa04518",113,663,1.17320864234697e-202,2.02238823109335e-201,"Integrin signaling"
"22","hsa04517",234,1595,1.78736332889296e-197,2.94102511390569e-196,"IgSF CAM signaling"
"23","hsa04145",113,604,2.65818648969168e-165,4.18375438812343e-164,"Phagosome"
"24","hsa05034",125,675,7.46667037261911e-164,1.12622278120338e-162,"Alcoholism"
"25","hsa05323",75,389,7.90362938964144e-162,1.14444553562008e-160,"Rheumatoid arthritis"
"26","hsa04932",107,560,6.17545154948141e-160,8.59812869581643e-159,"Non-alcoholic fatty liver disease"
"27","hsa04062",146,782,4.9964772461539e-149,6.69898060410264e-148,"Chemokine signaling pathway"
"28","hsa04510",151,811,6.21301820669912e-147,8.03254496723244e-146,"Focal adhesion"
"29","hsa04120",106,505,5.78619218182613e-130,7.22276403386572e-129,"Ubiquitin mediated proteolysis"
"30","hsa04061",77,355,2.30082162857085e-128,2.77632476514216e-127,"Viral protein interaction with cytokine and cytokine receptor"
"31","hsa05165",244,1458,4.10605577364837e-120,4.79481351632487e-119,"Human papillomavirus infection"
"32","hsa05140",50,224,4.2372026714373e-118,4.79333552206345e-117,"Leishmaniasis"
"33","hsa04151",256,1537,3.51432430283073e-112,3.85510726552947e-111,"PI3K-Akt signaling pathway"
"34","hsa04810",170,853,6.85668841541764e-110,7.30035648935643e-109,"Regulation of actin cytoskeleton"
"35","hsa04512",67,282,1.14139235151427e-107,1.18052580356619e-106,"ECM-receptor interaction"
"36","hsa05168",125,567,5.60550417221236e-107,5.63664586205799e-106,"Herpes simplex virus 1 infection"
"37","hsa04380",94,404,7.20936590864495e-107,7.05348772683641e-106,"Osteoclast differentiation"
"38","hsa05152",121,540,1.14475428263258e-104,1.09052907977104e-103,"Tuberculosis"
"39","hsa04140",127,560,2.39445583550223e-98,2.22254618577387e-97,"Autophagy - animal"
"40","hsa05205",151,697,8.82009086835621e-97,7.98218223586237e-96,"Proteoglycans in cancer"
"41","hsa04060",213,1123,8.28803726283153e-96,7.3177304613293e-95,"Cytokine-cytokine receptor interaction"
"42","hsa05330",25,108,1.46660302853636e-91,1.26407213411943e-90,"Allograft rejection"
"43","hsa05332",27,113,1.97616850800966e-89,1.66365813930116e-88,"Graft-versus-host disease"
"44","hsa05166",169,775,1.3597349550107e-83,1.11869103116789e-82,"Human T-cell leukemia virus 1 infection"
"45","hsa05320",28,108,2.31966296734976e-79,1.86603998706803e-78,"Autoimmune thyroid disease"
"46","hsa04940",30,113,6.13758250642578e-78,4.83001058114377e-77,"Type I diabetes mellitus"
"47","hsa05017",108,409,9.85916607884401e-74,7.59365557562028e-73,"Spinocerebellar ataxia"
"48","hsa05163",164,714,1.96614418469477e-73,1.4828004059573e-72,"Human cytomegalovirus infection"
"49","hsa04662",62,213,5.21415846565902e-72,3.85209258075217e-71,"B cell receptor signaling pathway"
"50","hsa03050",36,125,4.49498461113126e-71,3.23643306457938e-70,"Proteasome"
"51","hsa05170",154,647,4.55961564346819e-71,3.23643306457938e-70,"Human immunodeficiency virus 1 infection"
"52","hsa04612",52,174,4.60594952049599e-69,3.20644947388375e-68,"Antigen processing and presentation"
"53","hsa05144",33,113,3.97280770893475e-68,2.71350262383845e-67,"Malaria"
"54","hsa04658",64,214,8.77346129792299e-68,5.88146849971875e-67,"Th1 and Th2 cell differentiation"
"55","hsa04141",122,464,9.00329131978153e-68,5.92580265047439e-67,"Protein processing in endoplasmic reticulum"
"56","hsa05167",149,608,1.63808636616688e-67,1.05890582955787e-66,"Kaposi sarcoma-associated herpesvirus infection"
"57","hsa04015",153,628,1.74182522917267e-66,1.10621181221142e-65,"Rap1 signaling pathway"
"58","hsa03008",70,233,7.17680184478634e-66,4.47931425484941e-65,"Ribosome biogenesis in eukaryotes"
"59","hsa05321",46,148,6.11085360069042e-64,3.74937119228802e-63,"Inflammatory bowel disease"
"60","hsa04620",65,211,1.72045914709549e-63,1.03801035208094e-62,"Toll-like receptor signaling pathway"
"61","hsa05135",102,359,2.48013373937777e-63,1.47181707156517e-62,"Yersinia infection"
"62","hsa03013",84,282,6.02132140628113e-63,3.5156747565706e-62,"Nucleocytoplasmic transport"
"63","hsa04659",81,270,6.62923261709903e-63,3.80917810696801e-62,"Th17 cell differentiation"
"64","hsa04150",121,443,3.07241182495023e-61,1.73783293848748e-60,"mTOR signaling pathway"
"65","hsa04672",36,114,1.53564248008029e-60,8.55234735060099e-60,"Intestinal immune network for IgA production"
"66","hsa05169",145,558,6.64537335510327e-58,3.64488659779906e-57,"Epstein-Barr virus infection"
"67","hsa04611",93,307,4.40882100829722e-57,2.38207941045312e-56,"Platelet activation"
"68","hsa05203",143,538,8.54270448833203e-55,4.54773385996499e-54,"Viral carcinogenesis"
"69","hsa04660",89,284,7.65776140837287e-54,4.01755018816084e-53,"T cell receptor signaling pathway"
"70","hsa03030",33,98,2.41950187460796e-53,1.25122811229726e-52,"DNA replication"
"71","hsa04022",125,440,1.3227791767903e-52,6.74431073236746e-52,"cGMP-PKG signaling pathway"
"72","hsa03420",49,142,2.89844373662383e-52,1.45727310091365e-51,"Nucleotide excision repair"
"73","hsa03250",47,136,3.1901440143779e-52,1.58196182630794e-51,"Viral life cycle - HIV-1"
"74","hsa04144",180,742,7.89591090464274e-52,3.86259425335226e-51,"Endocytosis"
"75","hsa04974",79,235,1.79550742776413e-48,8.66631585134152e-48,"Protein digestion and absorption"
"76","hsa01200",86,257,1.47928934615712e-46,7.0460887277484e-46,"Carbon metabolism"
"77","hsa05145",76,220,2.60031351230281e-46,1.22248505383587e-45,"Toxoplasmosis"
"78","hsa04610",74,212,8.60007792117992e-46,3.99131821470145e-45,"Complement and coagulation cascades"
"79","hsa04137",77,222,1.54892587950537e-45,7.09760972634106e-45,"Mitophagy - animal"
"80","hsa04914",76,216,2.760120793679e-44,1.24895465913975e-43,"Progesterone-mediated oocyte maturation"
"81","hsa04064",83,238,6.99519396223286e-43,3.12624717818308e-42,"NF-kappa B signaling pathway"
"82","hsa01100",1162,18781,9.35425095375884e-41,4.1295595673911e-40,"Metabolic pathways"
"83","hsa04142",102,306,9.74380838979748e-41,4.24970920133336e-40,"Lysosome"
"84","hsa05416",50,125,1.23706136072574e-38,5.33114538788949e-38,"Viral myocarditis"
"85","hsa04114",94,269,1.45980113376629e-38,6.21703541674585e-38,"Oocyte meiosis"
"86","hsa05132",186,722,1.41530439964319e-37,5.95744410082367e-37,"Salmonella infection"
"87","hsa04014",189,735,2.34659385551061e-36,9.76398822637746e-36,"Ras signaling pathway"
"88","hsa04218",121,372,1.43641659294432e-35,5.90889553006641e-35,"Cellular senescence"
"89","hsa04650",84,224,4.58382332784315e-35,1.86443151087553e-34,"Natural killer cell mediated cytotoxicity"
"90","hsa03020",31,72,2.66212823761492e-34,1.070767135574e-33,"RNA polymerase"
"91","hsa04910",93,251,6.08604392680878e-33,2.42104165000525e-32,"Insulin signaling pathway"
"92","hsa05310",18,43,2.71082179205846e-32,1.06664944426648e-31,"Asthma"
"93","hsa04670",81,207,3.23954777420503e-32,1.26098526264755e-31,"Leukocyte transendothelial migration"
"94","hsa05417",155,524,3.35030312104168e-32,1.29022311682669e-31,"Lipid and atherosclerosis"
"95","hsa05164",112,323,3.50801070599131e-32,1.33673671112511e-31,"Influenza A"
"96","hsa04270",106,294,1.32234510329323e-30,4.9863429936682e-30,"Vascular smooth muscle contraction"
"97","hsa04371",111,311,1.2518547461562e-29,4.6718702897788e-29,"Apelin signaling pathway"
"98","hsa05340",26,56,1.70943441511552e-29,6.31444141093691e-29,"Primary immunodeficiency"
"99","hsa05200",405,2585,5.16973566616067e-29,1.89034778904057e-28,"Pathways in cancer"
"100","hsa00510",42,89,1.99807337575401e-28,7.23302562022951e-28,"N-Glycan biosynthesis"
"101","hsa05160",107,290,5.22575002040509e-28,1.87299159147192e-27,"Hepatitis C"
"102","hsa03082",78,184,9.59115439672239e-27,3.40391950158187e-26,"ATP-dependent chromatin remodeling"
"103","hsa04010",217,860,7.44421164901645e-26,2.61631516208151e-25,"MAPK signaling pathway"
"104","hsa05161",106,279,9.29971841838346e-26,3.23701737255271e-25,"Hepatitis B"
"105","hsa01521",56,118,2.03368735185454e-25,7.01137925115564e-25,"EGFR tyrosine kinase inhibitor resistance"
"106","hsa01230",55,114,1.10626505420969e-24,3.74269111798044e-24,"Biosynthesis of amino acids"
"107","hsa03018",55,114,1.10626505420969e-24,3.74269111798044e-24,"RNA degradation"
"108","hsa04723",105,270,3.72460355001926e-24,1.24843193065461e-23,"Retrograde endocannabinoid signaling"
"109","hsa04933",76,169,3.04300971879659e-23,1.01061423688474e-22,"AGE-RAGE signaling pathway in diabetic complications"
"110","hsa03410",33,61,1.83601387668303e-22,6.04215475781142e-22,"Base excision repair"
"111","hsa05142",73,158,2.02336790203442e-22,6.59873135618431e-22,"Chagas disease"
"112","hsa04068",98,233,1.21263140851237e-20,3.91939794537033e-20,"FoxO signaling pathway"
"113","hsa05418",104,253,3.1074893976269e-20,9.95496603487556e-20,"Fluid shear stress and atherosclerosis"
"114","hsa05224",118,306,3.85253001092566e-20,1.22334724908341e-19,"Breast cancer"
"115","hsa04550",107,262,1.12234378951949e-19,3.53294305918308e-19,"Signaling pathways regulating pluripotency of stem cells"
"116","hsa05133",58,111,1.17592585456131e-19,3.66969964957927e-19,"Pertussis"
"117","hsa04530",128,345,1.21953960575406e-19,3.77327638703394e-19,"Tight junction"
"118","hsa03440",33,56,5.00710435476948e-19,1.53607777663267e-18,"Homologous recombination"
"119","hsa04211",56,104,1.0768771006749e-18,3.27587823902786e-18,"Longevity regulating pathway"
"120","hsa05131",177,575,2.20860533488539e-18,6.66262609357091e-18,"Shigellosis"
"121","hsa03460",40,68,3.56063786794388e-18,1.06524868445924e-17,"Fanconi anemia pathway"
"122","hsa05211",46,80,5.26935878133378e-18,1.56353104823183e-17,"Renal cell carcinoma"
"123","hsa04540",66,127,7.49836761793933e-18,2.20683664853174e-17,"Gap junction"
"124","hsa04623",50,88,1.12979545581104e-17,3.29827383067418e-17,"Cytosolic DNA-sensing pathway"
"125","hsa04625",69,134,1.7036647863831e-17,4.93381322136546e-17,"C-type lectin receptor signaling pathway"
"126","hsa04217",100,229,1.74449934433677e-17,5.01197430674533e-17,"Necroptosis"
"127","hsa04622",36,59,2.10851132159882e-17,6.01008738912419e-17,"RIG-I-like receptor signaling pathway"
"128","hsa05213",44,74,4.68115706511944e-17,1.32388973247909e-16,"Endometrial cancer"
"129","hsa01522",71,137,1.25328074649533e-16,3.51695837388612e-16,"Endocrine resistance"
"130","hsa04722",90,192,2.19164632655518e-16,6.10289207856134e-16,"Neurotrophin signaling pathway"
"131","hsa05221",52,88,1.21922966824418e-15,3.36916900690376e-15,"Acute myeloid leukemia"
"132","hsa05235",64,116,1.35986922620463e-15,3.72933833247027e-15,"PD-L1 expression and PD-1 checkpoint pathway in cancer"
"133","hsa05220",55,94,2.40045105490005e-15,6.53355851032947e-15,"Chronic myeloid leukemia"
"134","hsa04668",81,160,5.54786161014487e-15,1.49875067378541e-14,"TNF signaling pathway"
"135","hsa04340",41,64,6.25007870095799e-15,1.67594702944207e-14,"Hedgehog signaling pathway"
"136","hsa05223",56,95,8.0316683464373e-15,2.13784113338993e-14,"Non-small cell lung cancer"
"137","hsa04071",88,179,1.91504394238196e-14,5.06018910322825e-14,"Sphingolipid signaling pathway"
"138","hsa05414",75,141,2.57492986417445e-14,6.75452616544311e-14,"Dilated cardiomyopathy"
"139","hsa05210",68,122,3.96196161130395e-14,1.0318202181957e-13,"Colorectal cancer"
"140","hsa05214",62,107,4.67799856947238e-14,1.20959677296357e-13,"Glioma"
"141","hsa04072",111,253,8.95360603409653e-14,2.29872722293826e-13,"Phospholipase D signaling pathway"
"142","hsa00020",24,33,2.60163262419108e-13,6.63233105603641e-13,"Citrate cycle (TCA cycle)"
"143","hsa05218",57,93,3.88603650519324e-13,9.83737912503463e-13,"Melanoma"
"144","hsa04360",141,369,4.18516693972993e-13,1.05210446679322e-12,"Axon guidance"
"145","hsa04657",78,143,1.9727487805669e-12,4.92506936941529e-12,"IL-17 signaling pathway"
"146","hsa04012",60,97,4.03772860416439e-12,1.0011354484298e-11,"ErbB signaling pathway"
"147","hsa05225",130,317,4.9960595719231e-12,1.23032215308582e-11,"Hepatocellular carcinoma"
"148","hsa04926",90,174,1.61101371907878e-11,3.94045247504403e-11,"Relaxin signaling pathway"
"149","hsa04666",79,142,2.23148764501832e-11,5.42146662749416e-11,"Fc gamma R-mediated phagocytosis"
"150","hsa05215",83,153,2.33697780519059e-11,5.63990643652662e-11,"Prostate cancer"
"151","hsa04725",84,154,6.95730351087231e-11,1.66790984830184e-10,"Cholinergic synapse"
"152","hsa05412",63,100,8.18435534696953e-11,1.94916883921248e-10,"Arrhythmogenic right ventricular cardiomyopathy"
"153","hsa05162",94,183,9.14488277298975e-11,2.1636912181845e-10,"Measles"
"154","hsa05202",138,341,1.67393640264631e-10,3.93483751790885e-10,"Transcriptional misregulation in cancer"
"155","hsa00532",15,18,1.72141583015476e-10,4.02033890655499e-10,"Glycosaminoglycan biosynthesis - chondroitin sulfate / dermatan sulfate"
"156","hsa05410",69,113,1.89256060826270e-10,4.39171115507113e-10,"Hypertrophic cardiomyopathy"
"157","hsa04136",25,30,2.64337722186602e-10,6.09492072812419e-10,"Autophagy - other"
"158","hsa04917",49,69,2.73080169731193e-10,6.25664692675265e-10,"Prolactin signaling pathway"
"159","hsa04210",107,222,3.865250931106e-10,8.80013105069417e-10,"Apoptosis"
"160","hsa00513",35,44,4.9621505735902e-10,1.12268656727478e-09,"Various types of N-glycan biosynthesis"
"161","hsa04921",115,248,8.41055292859035e-10,1.89106842245323e-09,"Oxytocin signaling pathway"
"162","hsa05230",53,75,1.30571522693423e-09,2.91770933426043e-09,"Central carbon metabolism in cancer"
"163","hsa04070",71,114,2.39918872312246e-09,5.30008994757183e-09,"Phosphatidylinositol signaling system"
"164","hsa05130",150,385,2.40114572210436e-09,5.30008994757183e-09,"Pathogenic Escherichia coli infection"
"165","hsa05146",73,118,4.21783804786634e-09,9.25368105047039e-09,"Amoebiasis"
"166","hsa04730",42,53,5.97998284618471e-09,1.30406854838486e-08,"Long-term depression"
"167","hsa04740",84,146,6.28335513925166e-09,1.36202069485575e-08,"Olfactory transduction"
"168","hsa04148",122,268,7.5288432595751e-09,1.62228646426559e-08,"Efferocytosis"
"169","hsa04152",81,135,2.99738731520199e-08,6.42043910120189e-08,"AMPK signaling pathway"
"170","hsa04621",121,260,3.85406907982925e-08,8.20690004057758e-08,"NOD-like receptor signaling pathway"
"171","hsa04935",73,114,4.50874348746179e-08,9.54482539450976e-08,"Growth hormone synthesis, secretion and action"
"172","hsa04390",116,241,5.88635973069477e-08,1.23887338518111e-07,"Hippo signaling pathway"
"173","hsa04720",53,70,6.45374416156789e-08,1.35043663958819e-07,"Long-term potentiation"
"174","hsa04742",58,79,1.19635792442443e-07,2.48897453242325e-07,"Taste transduction"
"175","hsa05100",55,73,1.21629248655266e-07,2.51598788646893e-07,"Bacterial invasion of epithelial cells"
"176","hsa04330",46,56,1.72676628609493e-07,3.55164429299071e-07,"Notch signaling pathway"
"177","hsa03430",19,18,4.25947550576642e-07,8.71146967846013e-07,"Mismatch repair"
"178","hsa05231",80,127,4.81327854864992e-07,9.78880244163635e-07,"Choline metabolism in cancer"
"179","hsa04630",111,218,5.36794742968127e-07,1.08558489918694e-06,"JAK-STAT signaling pathway"
"180","hsa04392",23,22,6.69346349752041e-07,1.34612988116799e-06,"Hippo signaling pathway - multiple species"
"181","hsa04260",57,73,1.67918618314594e-06,3.35837236629189e-06,"Cardiac muscle contraction"
"182","hsa05143",28,27,1.88667024056943e-06,3.75260784113261e-06,"African trypanosomiasis"
"183","hsa04213",42,46,2.8091084932088e-06,5.55681570787751e-06,"Longevity regulating pathway - multiple species"
"184","hsa00562",58,73,5.5908500401019e-06,1.09993897528092e-05,"Inositol phosphate metabolism"
"185","hsa03015",67,91,7.29835012411486e-06,1.42810959185383e-05,"mRNA surveillance pathway"
"186","hsa04912",69,95,8.8424971876279e-06,1.72095913006521e-05,"GnRH signaling pathway"
"187","hsa05206",155,378,9.44608926892669e-06,1.82860123815586e-05,"MicroRNAs in cancer"
"188","hsa04122",7,6,1.01668702970553e-05,1.9576633231564e-05,"Sulfur relay system"
"189","hsa00563",24,20,3.09893585031556e-05,5.93552792494303e-05,"Glycosylphosphatidylinositol (GPI)-anchor biosynthesis"
"190","hsa05226",112,209,3.48907156128696e-05,6.64759950097831e-05,"Gastric cancer"
"191","hsa04924",54,62,4.5632177404543e-05,8.64861163374061e-05,"Renin secretion"
"192","hsa04929",46,48,6.37278739500062e-05,0.000120153595676574,"GnRH secretion"
"193","hsa04664",50,54,8.70733946356311e-05,0.000163319009627453,"Fc epsilon RI signaling pathway"
"194","hsa03022",33,29,0.000108086847320007,0.000201687828504344,"Basal transcription factors"
"195","hsa04920",54,60,0.000142487478396452,0.000264515216305208,"Adipocytokine signaling pathway"
"196","hsa00310",43,42,0.000163702779790542,0.00030234901165396,"Lysine degradation"
"197","hsa05219",32,27,0.00020999862524996,0.000385885798682667,"Bladder cancer"
"198","hsa00062",24,18,0.000277858531427271,0.000508003981700365,"Fatty acid elongation"
"199","hsa04261",110,195,0.000325497584083056,0.000592111183105861,"Adrenergic signaling in cardiomyocytes"
"200","hsa04922",70,89,0.00038527807629486,0.000697353318093696,"Glucagon signaling pathway"
"201","hsa03083",64,76,0.000520621990153021,0.000937637614106437,"Polycomb repressive complex"
"202","hsa00030",23,16,0.000817400726594755,0.00146484684666981,"Pentose phosphate pathway"
"203","hsa04925",66,78,0.00119481825537997,0.00213066112535738,"Aldosterone synthesis and secretion"
"204","hsa04020",197,553,0.00176082017479852,0.00312459266312286,"Calcium signaling pathway"
"205","hsa04115",63,71,0.00191570040809929,0.00338284657430216,"p53 signaling pathway"
"206","hsa04146",61,67,0.00212631897382165,0.00373654110933707,"Peroxisome"
"207","hsa04919",90,131,0.00222816180084053,0.00389659213480324,"Thyroid hormone signaling pathway"
"208","hsa00270",39,32,0.00285661489392218,0.00497160861346071,"Cysteine and methionine metabolism"
"209","hsa03060",21,13,0.00289294199481733,0.00501074163695633,"Protein export"
"210","hsa04978",47,43,0.00293699831218572,0.00506282566195825,"Mineral absorption"
"211","hsa04713",77,98,0.00380806593444219,0.00653326951785817,"Circadian entrainment"
"212","hsa04350",82,109,0.0043733729240182,0.00746774055893673,"TGF-beta signaling pathway"
"213","hsa04728",97,147,0.00447854310723778,0.00761142067990646,"Dopaminergic synapse"
"214","hsa00100",15,8,0.00528876309834577,0.00890480112372637,"Steroid biosynthesis"
"215","hsa04980",15,8,0.00528876309834577,0.00890480112372637,"Cobalamin transport and metabolism"
"216","hsa00531",10,5,0.00542553255344255,0.00909279066826945,"Glycosaminoglycan degradation"
"217","hsa00970",35,26,0.00571377882594154,0.00953174163590248,"Aminoacyl-tRNA biosynthesis"
"218","hsa04370",43,36,0.00582597091230396,0.00967431867089006,"VEGF signaling pathway"
"219","hsa01212",46,40,0.00635397631582572,0.0105029197549265,"Fatty acid metabolism"
"220","hsa04931",78,98,0.00756042651231278,0.0124403381702601,"Insulin resistance"
"221","hsa03273",14,7,0.00838869736962601,0.0137407622072607,"Virion - Lassa virus and SFTS virus"
"222","hsa02010",34,23,0.0175911236198123,0.028684625001676,"ABC transporters"
"223","hsa00650",21,11,0.0186937262318484,0.0303458694884713,"Butanoate metabolism"
"224","hsa05134",41,31,0.0192307146027996,0.0310782084205958,"Legionellosis"
"225","hsa00240",38,27,0.0229753334235022,0.0369647586635903,"Pyrimidine metabolism"
"226","hsa01040",23,12,0.0286516995960228,0.0458934303263728,"Biosynthesis of unsaturated fatty acids"
"227","hsa00920",8,3,0.0329921154805866,0.0526129771100104,"Sulfur metabolism"
"228","hsa00480",43,32,0.0379125820259601,0.0601945381289367,"Glutathione metabolism"
"229","hsa00515",18,8,0.0413673487289615,0.0651086097386263,"Mannose type O-glycan biosynthesis"
"230","hsa00900",18,8,0.0413673487289615,0.0651086097386263,"Terpenoid backbone biosynthesis"
"231","hsa01210",25,13,0.0434580908818244,0.0681031554078806,"2-Oxocarboxylic acid metabolism"
"232","hsa03265",11,4,0.0502370808253122,0.0783871692188061,"Virion - Ebolavirus, Lyssavirus and Morbillivirus"
"233","hsa00071",36,23,0.0533313278198615,0.0828581144669093,"Fatty acid degradation"
"234","hsa01232",64,63,0.0538488937437778,0.0833046988685794,"Nucleotide metabolism"
"235","hsa04520",72,78,0.0547755619858552,0.0843776742079982,"Adherens junction"
"236","hsa00280",37,24,0.0555006952862943,0.0851324224306718,"Valine, leucine and isoleucine degradation"
"237","hsa04066",77,88,0.0577462703397131,0.0882031639788023,"HIF-1 signaling pathway"
"238","hsa00541",17,7,0.0580301565618283,0.0882643557789153,"Biosynthesis of various nucleotide sugars"
"239","hsa04981",23,11,0.0585360094727193,0.088661236105123,"Folate transport and metabolism"
"240","hsa04915",100,143,0.0592619781798137,0.0893868170878856,"Estrogen signaling pathway"
"241","hsa00520",28,15,0.0596409269066701,0.0895851267228821,"Amino sugar and nucleotide sugar metabolism"
"242","hsa04130",26,13,0.0718716007834952,0.107510411089361,"SNARE interactions in vesicular transport"
"243","hsa00910",14,5,0.0810631048765957,0.120760674754435,"Nitrogen metabolism"
"244","hsa04961",43,30,0.082234924323557,0.122004272971834,"Endocrine and other factor-regulated calcium reabsorption"
"245","hsa00430",12,4,0.0858552753874361,0.12685554975613,"Taurine and hypotaurine metabolism"
"246","hsa04710",24,11,0.0938485706721664,0.138102368224895,"Circadian rhythm"
"247","hsa00534",18,7,0.0944371151028655,0.138405812417965,"Glycosaminoglycan biosynthesis - heparan sulfate / heparin"
"248","hsa04310",138,259,0.0994586102151111,0.145177487491412,"Wnt signaling pathway"
"249","hsa05216",28,14,0.102142281738961,0.148496007989976,"Thyroid cancer"
"250","hsa04928",77,84,0.130351752512908,0.188749337638691,"Parathyroid hormone synthesis, secretion and action"
"251","hsa00564",78,86,0.1320186926427,0.190401461102221,"Glycerophospholipid metabolism"
"252","hsa05032",66,62,0.157043623669026,0.225594411778522,"Morphine addiction"
"253","hsa03450",11,3,0.162040752904533,0.231852776883165,"Non-homologous end-joining"
"254","hsa00514",35,19,0.18000600899145,0.256063667364476,"Other types of O-glycan biosynthesis"
"255","hsa05120",56,45,0.180376340270556,0.256063667364476,"Epithelial cell signaling in Helicobacter pylori infection"
"256","hsa01250",31,15,0.203059232587533,0.287138446080808,"Biosynthesis of nucleotide sugars"
"257","hsa00010",47,32,0.205132467151641,0.288941451785579,"Glycolysis / Gluconeogenesis"
"258","hsa05212",56,44,0.224215521641671,0.314319472601483,"Pancreatic cancer"
"259","hsa00400",5,1,0.225754317338082,0.314319472601483,"Phenylalanine, tyrosine and tryptophan biosynthesis"
"260","hsa00750",5,1,0.225754317338082,0.314319472601483,"Vitamin B6 metabolism"
"261","hsa04911",57,45,0.247883630017262,0.34380794661398,"Insulin secretion"
"262","hsa04973",28,12,0.251249759225556,0.347146613891799,"Carbohydrate digestion and absorption"
"263","hsa04936",99,130,0.259499693297623,0.357182087352622,"Alcoholic liver disease"
"264","hsa00770",17,5,0.261090938407031,0.358011059482368,"Pantothenate and CoA biosynthesis"
"265","hsa05222",72,70,0.263134399032187,0.358170629156817,"Small cell lung cancer"
"266","hsa04814",140,256,0.263394420737634,0.358170629156817,"Motor proteins"
"267","hsa00860",33,16,0.26508236029341,0.358170629156817,"Porphyrin metabolism"
"268","hsa04964",19,6,0.265164996171346,0.358170629156817,"Proximal tubule bicarbonate reclamation"
"269","hsa04970",69,64,0.283808633954331,0.381928347551925,"Salivary secretion"
"270","hsa04024",162,339,0.304312007682158,0.408003506596079,"cAMP signaling pathway"
"271","hsa00040",26,10,0.308471725919366,0.412054482593396,"Pentose and glucuronate interconversions"
"272","hsa00604",13,3,0.315204916441019,0.41950066085165,"Glycosphingolipid biosynthesis - ganglio series"
"273","hsa03266",6,1,0.318731692557643,0.42264055936215,"Virion - Herpesvirus"
"274","hsa04934",109,154,0.340771221695756,0.45021599362724,"Cushing syndrome"
"275","hsa00053",20,6,0.348496002323288,0.457085336380544,"Ascorbate and aldarate metabolism"
"276","hsa04977",20,6,0.348496002323288,0.457085336380544,"Vitamin digestion and absorption"
"277","hsa00051",28,11,0.36001109669971,0.470483815903592,"Fructose and mannose metabolism"
"278","hsa01523",24,8,0.39710102783722,0.517088388766452,"Antifolate resistance"
"279","hsa00533",14,3,0.404662470076786,0.525045928916833,"Glycosaminoglycan biosynthesis - keratan sulfate"
"280","hsa00740",7,1,0.415687124267575,0.537424067803079,"Riboflavin metabolism"
"281","hsa00640",26,9,0.437131237778732,0.563137039416018,"Propanoate metabolism"
"282","hsa04215",28,10,0.48545192633828,0.623168784873963,"Apoptosis - multiple species"
"283","hsa00600",41,21,0.504951499891291,0.644465174264284,"Sphingolipid metabolism"
"284","hsa04927",39,19,0.505602512406234,0.644465174264284,"Cortisol synthesis and secretion"
"285","hsa05217",50,31,0.520893908760477,0.66162664902208,"Basal cell carcinoma"
"286","hsa04960",27,9,0.528179524421733,0.667641087649571,"Aldosterone-regulated sodium reabsorption"
"287","hsa00630",22,6,0.52931765788792,0.667641087649571,"Glyoxylate and dicarboxylate metabolism"
"288","hsa00061",13,2,0.589344095556701,0.740772786776131,"Fatty acid biosynthesis"
"289","hsa04721",58,40,0.630058164043907,0.789207804096521,"Synaptic vesicle cycle"
"290","hsa00601",25,7,0.635229776673061,0.792941997088441,"Glycosphingolipid biosynthesis - lacto and neolacto series"
"291","hsa00220",17,3,0.670574769350525,0.83418579554945,"Arginine biosynthesis"
"292","hsa04923",44,22,0.681430312784038,0.842602492353162,"Regulation of lipolysis in adipocytes"
"293","hsa04916",81,78,0.681995939943305,0.842602492353162,"Melanogenesis"
"294","hsa00760",24,6,0.698993362631077,0.860665296845068,"Nicotinate and nicotinamide metabolism"
"295","hsa04966",21,4,0.778849785184337,0.955741092327899,"Collecting duct acid secretion"
"296","hsa04614",19,3,0.808787433310131,0.989125171818471,"Renin-angiotensin system"
"297","hsa04726",76,65,0.813656559619076,0.991729544047493,"Serotonergic synapse"
"298","hsa00052",24,5,0.827966756903331,0.999390252200501,"Galactose metabolism"
"299","hsa00500",24,5,0.827966756903331,0.999390252200501,"Starch and sucrose metabolism"
"300","hsa00410",26,6,0.830726036116842,0.999390252200501,"beta-Alanine metabolism"
"301","hsa00565",40,16,0.830984712465057,0.999390252200501,"Ether lipid metabolism"
"302","hsa04972",69,52,0.846906422906814,1,"Pancreatic secretion"
"303","hsa01524",56,33,0.851568171118205,1,"Platinum drug resistance"
"304","hsa04971",52,28,0.854030228639831,1,"Gastric acid secretion"
"305","hsa00360",13,1,0.864089062574601,1,"Phenylalanine metabolism"
"306","hsa00620",32,9,0.879867421594876,1,"Pyruvate metabolism"
"307","hsa00450",14,1,0.902546650422348,1,"Selenocompound metabolism"
"308","hsa04962",26,5,0.914531784634568,1,"Vasopressin-regulated water reabsorption"
"309","hsa00670",28,6,0.916531475436585,1,"One carbon pool by folate"
"310","hsa00790",24,4,0.919445543037666,1,"Folate biosynthesis"
"311","hsa00380",30,7,0.923543047469649,1,"Tryptophan metabolism"
"312","hsa05033",30,7,0.923543047469649,1,"Nicotine addiction"
"313","hsa01240",115,147,0.935704723261025,1,"Biosynthesis of cofactors"
"314","hsa04724",94,94,0.951410327157335,1,"Glutamatergic synapse"
"315","hsa00230",95,96,0.953311042311887,1,"Purine metabolism"
"316","hsa00511",16,1,0.953597104671233,1,"Other glycan degradation"
"317","hsa04750",74,55,0.957643591098554,1,"Inflammatory mediator regulation of TRP channels"
"318","hsa00350",29,5,0.976512229498699,1,"Tyrosine metabolism"
"319","hsa04216",31,6,0.977432935831929,1,"Ferroptosis"
"320","hsa04975",31,6,0.977432935831929,1,"Fat digestion and absorption"
"321","hsa00250",27,4,0.97789300456256,1,"Alanine, aspartate and glutamate metabolism"
"322","hsa05110",38,10,0.983517327522325,1,"Vibrio cholerae infection"
"323","hsa04950",19,1,0.987415775569862,1,"Maturity onset diabetes of the young"
"324","hsa03272",34,7,0.987999656483543,1,"Virion - Hepatitis viruses"
"325","hsa00512",26,3,0.989042569639098,1,"Mucin type O-glycan biosynthesis"
"326","hsa04918",49,18,0.992281363520452,1,"Thyroid hormone synthesis"
"327","hsa00983",58,27,0.994363828598449,1,"Drug metabolism - other enzymes"
"328","hsa00592",21,1,0.995360691258802,1,"alpha-Linolenic acid metabolism"
"329","hsa05031",52,20,0.99565228322961,1,"Amphetamine addiction"
"330","hsa00982",48,16,0.996122655002116,1,"Drug metabolism - cytochrome P450"
"331","hsa00330",42,11,0.996247317895285,1,"Arginine and proline metabolism"
"332","hsa00591",22,1,0.997289193955381,1,"Linoleic acid metabolism"
"333","hsa03320",56,23,0.997885555794504,1,"PPAR signaling pathway"
"334","hsa00260",30,3,0.998890349252981,1,"Glycine, serine and threonine metabolism"
"335","hsa00140",44,11,0.998964428601543,1,"Steroid hormone biosynthesis"
"336","hsa04727",65,32,0.999182241608371,1,"GABAergic synapse"
"337","hsa04913",37,6,0.999313871971143,1,"Ovarian steroidogenesis"
"338","hsa04979",34,4,0.999632025083688,1,"Cholesterol metabolism"
"339","hsa00561",46,11,0.999750568844305,1,"Glycerolipid metabolism"
"340","hsa00980",50,14,0.999797922560203,1,"Metabolism of xenobiotics by cytochrome P450"
"341","hsa05030",30,2,0.999820029616485,1,"Cocaine addiction"
"342","hsa00830",49,13,0.999825518556522,1,"Retinol metabolism"
"343","hsa05204",45,8,0.999980795579034,1,"Chemical carcinogenesis - DNA adducts"
"344","hsa00590",45,7,0.999994980654436,1,"Arachidonic acid metabolism"
"345","hsa04930",35,2,0.999995985201448,1,"Type II diabetes mellitus"
"346","hsa04976",65,24,0.999996949932551,1,"Bile secretion"
"347","hsa05207",141,170,0.999999970261642,1,"Chemical carcinogenesis - receptor activation"
"348","hsa04082",155,189,0.999999999999188,1,"Neuroactive ligand signaling"
"349","hsa04081",155,183,0.99999999999996,1,"Hormone signaling"
"350","hsa00120",9,0,1,1,"Primary bile acid biosynthesis"
"351","hsa00130",8,0,1,1,"Ubiquinone and other terpenoid-quinone biosynthesis"
"352","hsa00340",19,0,1,1,"Histidine metabolism"
"353","hsa00440",5,0,1,1,"Phosphonate and phosphinate metabolism"
"354","hsa00470",6,0,1,1,"D-Amino acid metabolism"
"355","hsa00524",5,0,1,1,"Neomycin, kanamycin and gentamicin biosynthesis"
"356","hsa00603",13,0,1,1,"Glycosphingolipid biosynthesis - globo and isoglobo series"
"357","hsa00730",11,0,1,1,"Thiamine metabolism"
"358","hsa00785",14,0,1,1,"Lipoic acid metabolism"
"359","hsa03264",5,0,1,1,"Virion - Flavivirus and Alphavirus"
"360","hsa04080",248,494,1,1,"Neuroactive ligand-receptor interaction"
"361","hsa04382",144,124,1,1,"Cornified envelope formation"
"362","hsa04744",22,0,1,1,"Phototransduction"
