"","ID","Description","setSize","enrichmentScore","NES","pvalue","p.adjust","qvalue","rank","leading_edge","core_enrichment"
"hsa04022","hsa04022","cGMP-PKG signaling pathway",162,-0.704555986103415,-2.26910545637346,1e-10,1.755e-08,9.89473684210526e-09,3470,"tags=42%, list=13%, signal=37%","3643/10000/775/7408/492/147/5140/2982/4882/5594/7417/155/491/4659/5592/150/5894/7225/805/4205/1259/5595/5500/3708/5581/112/6547/489/5532/1910/5139/6543/148/5294/291/624/2776/2770/6546/4208/10335/4209/490/5997/185/154/4881/483/108/140/8654/3778/10672/482/111/5350/3779/84699/1258/115/493/477/2767/801/10398/4638/5138/5593"
"hsa04110","hsa04110","Cell cycle",157,0.703820741012352,2.09816391724636,1e-10,1.755e-08,9.89473684210526e-09,3142,"tags=43%, list=12%, signal=38%","9319/23594/994/595/4609/1017/51434/1869/113130/699/27085/8318/90381/9088/990/1875/898/4172/1111/891/80174/1019/1029/4176/983/4085/1871/151648/5347/995/4173/4175/9232/701/1663/5933/7272/993/81620/10459/11200/10926/9700/9184/7027/5591/3066/6502/890/4171/9212/5111/26271/9133/991/8881/5001/545/4998/8317/1022/55869/57082/51433/4999/1874/7532/23595"
"hsa04261","hsa04261","Adrenergic signaling in cardiomyocytes",150,-0.635844693062631,-2.03861041273392,1.54183634887982e-09,1.8039485281894e-07,1.01707099505055e-07,3506,"tags=39%, list=13%, signal=34%","5578/3776/59284/10000/775/492/147/55799/5525/783/815/5594/6324/491/805/782/5595/5500/9252/112/6547/5566/489/596/781/6543/148/5294/2776/2770/5521/817/6546/5516/490/185/154/5502/483/108/5567/6548/6330/482/111/5350/84699/6332/5523/7169/11149/818/115/7168/493/477/801/64091"
"hsa03008","hsa03008","Ribosome biogenesis in eukaryotes",87,0.776112017592526,2.16454094798307,2.41237969984712e-09,2.11686318661584e-07,1.1934931146612e-07,3725,"tags=53%, list=14%, signal=46%","1736/23560/55131/23160/10171/84916/55226/84128/10940/28987/10813/10528/51602/26354/10799/65083/5901/10885/55127/54552/1459/29107/6949/51096/83732/55341/2091/55813/25996/84135/10436/29889/54433/10248/55651/3692/9790/92856/51068/81691/1460/7514/22803/10557/10607/134430"
"hsa03013","hsa03013","Nucleocytoplasmic transport",105,0.739657760272904,2.09982780149263,6.83799078061048e-09,4.80026952798856e-07,2.70640477211531e-07,3947,"tags=47%, list=15%, signal=40%","57510/1434/11260/8480/3838/348995/57122/79711/5901/79902/9631/9688/3843/23165/55705/29107/79023/55308/10921/5905/23511/129401/23225/9818/55110/10189/64328/7329/64901/84321/65109/30000/23636/22916/23279/51068/10527/11097/8086/79228/5411/7514/9775/65110/7919/57187/55706/3837/51194"
"hsa04270","hsa04270","Vascular smooth muscle contraction",132,-0.633637745353495,-1.99432249519767,2.13659254534916e-08,1.24990663902926e-06,7.04700699167792e-07,2727,"tags=34%, list=10%, signal=31%","4882/5594/8399/4637/4659/5592/59/5894/805/9826/5595/5500/3708/5581/112/5566/5580/54776/148/2776/800/10335/185/5322/4881/108/1907/553/5567/3778/10672/5579/94274/1908/111/3779/391013/72/115/4629/4660/2767/801/10398/4638"
"hsa04740","hsa04740","Olfactory transduction",187,-0.59019090137489,-1.92666811992208,2.64285569880783e-08,1.32520335754507e-06,7.47153190038905e-07,2704,"tags=12%, list=10%, signal=11%","815/5592/123041/1261/805/2774/81285/6547/5566/5137/5136/6543/817/6546/5997/408/5567/1258/818/2788/801/5138/5593"
"hsa04925","hsa04925","Aldosterone synthesis and secretion",95,-0.670484675782154,-2.00320987142797,1.38461917320251e-07,6.07501662242601e-06,3.42511058634305e-06,3506,"tags=38%, list=13%, signal=33%","5578/6770/775/492/57118/815/491/1583/805/814/3708/5581/112/5566/3777/2776/817/8912/490/185/4881/483/108/3284/5567/5579/482/111/84699/818/115/493/477/2767/801/5138"
"hsa04517","hsa04517","IgSF CAM signaling",297,-0.507876078033328,-1.72999926515931,2.27970897215215e-07,8.8908649913934e-06,5.01269341245152e-06,4289,"tags=38%, list=16%, signal=32%","9693/347733/84552/5962/10627/51744/5295/23705/57513/8826/7082/11141/57731/940/4685/3676/9046/5578/10000/8828/150084/2308/4133/7430/7409/10109/8506/57689/3683/219699/94030/103910/84617/5293/23607/4916/5594/4155/3385/5908/10225/4637/962/2260/6504/25945/7225/56288/9863/23114/382/84631/3742/9353/5063/5803/7846/7280/2885/3690/22865/5595/10332/8777/84623/117157/3736/998/1272/57823/5376/5602/4690/145581/54413/9223/5792/5375/25/79827/120425/57502/4063/137970/22871/83700/5362/6900/30835/7414/5336/253559/79861/6586/5579/10580/10382/23136/8976/342035/58494/287/8633/4629/4684/9423/57863/288/10398/4638/5906/4359"
"hsa04020","hsa04020","Calcium signaling pathway",248,-0.525085881252448,-1.75874971619119,3.27608923640465e-07,1.14990732197803e-05,6.48320817309551e-06,3198,"tags=34%, list=12%, signal=30%","5153/5260/492/147/57118/57105/773/90550/4916/815/7417/155/5156/491/6869/3706/2260/2903/5257/7039/2247/3270/805/1129/1956/2774/814/255231/3708/6547/5566/489/3360/5532/5137/2255/1910/5136/623/4842/6543/148/291/624/3363/2776/817/6546/8912/490/10800/185/154/844/80310/2668/108/2263/845/116443/3707/5336/113026/22953/553/6263/100130933/2185/5567/5025/5023/5579/5350/818/6865/115/84812/493/2767/801/6786/4638/2277/51196/5333"
"hsa03040","hsa03040","Spliceosome",173,0.620701164142791,1.87015305428157,7.55434801160127e-07,2.20964679339337e-05,1.24580475980793e-05,6030,"tags=49%, list=23%, signal=38%","23450/9128/6100/6636/51645/27316/10465/9343/6628/9129/124904619/26834/55110/3178/6627/10189/642659/26831/10713/2521/26835/84321/51634/6625/51690/6626/51691/22916/27339/26832/6432/6632/56259/10915/24148/3192/144983/6633/23658/124904621/79228/25766/101447996/6427/6631/6635/57819/9775/5093/7919/57187/3310/101954264/8175/26828/26864/10946/6431/55660/6629/25804/1665/10772/3312/4809/26121/23350/4116/23020/11338/10084/22827/8683/101954267/9410/101954272/101954273/6426/106480225/10523/57461/56949/26830/55119"
"hsa04144","hsa04144","Endocytosis",249,-0.517827217427232,-1.73387647956415,7.04425930308272e-07,2.20964679339337e-05,1.24580475980793e-05,4691,"tags=34%, list=18%, signal=28%","80223/8724/6457/4088/10097/3560/137492/1212/23362/51534/30844/118813/3305/9135/1213/84552/9744/2060/10938/22905/27243/8766/9101/11311/27128/79720/23527/3133/7456/273/51510/91782/4218/26119/9372/10109/60682/79643/64744/64145/23096/1785/5156/23396/147179/30846/56288/8729/8723/382/116987/1956/58533/8853/832/25978/10254/30011/3800/998/51652/51100/9798/23111/387680/6643/9267/377/5337/3798/5869/8395/2350/2263/57132/408/857/9525/253725/6642/8976/10015/23327/55616/5662"
"hsa05204","hsa05204","Chemical carcinogenesis - DNA adducts",60,-0.728584102798461,-2.03198637491027,9.40552690148056e-07,2.41923296493228e-05,1.36397000272085e-05,2701,"tags=33%, list=10%, signal=30%","2938/2052/2948/1646/1562/2946/10/1576/79799/7367/54658/7366/4259/9/6817/54575/54576/27306/2949/6799"
"hsa04024","hsa04024","cAMP signaling pathway",216,-0.533872102519561,-1.7697620872443,9.64936225329113e-07,2.41923296493228e-05,1.36397000272085e-05,3294,"tags=35%, list=12%, signal=31%","775/5348/7074/22800/7409/492/5140/5293/4792/6751/4886/10021/2641/815/5594/5908/5465/491/2892/4659/5894/2903/2890/2737/1261/805/4852/1129/1259/5595/814/5500/139760/64399/112/5566/5602/7434/489/3360/5144/5139/5337/2770/817/490/7432/154/2893/4881/483/108/116443/1907/5567/6548/1908/117/482/111/5350/6750/6752/84699/11149/1258/818/115/493/477/801/10398/5906/51/64091/51196"
"hsa04978","hsa04978","Mineral absorption",57,-0.725596914463677,-2.0020596490486,1.34962654082833e-06,3.1581261055383e-05,1.78055992754896e-05,1703,"tags=44%, list=6%, signal=41%","491/113235/6547/4501/6543/4493/1181/6546/490/483/4502/7421/3162/79901/340024/6550/482/1811/4496/4495/493/4499/477/4494/140803"
"hsa04910","hsa04910","Insulin signaling pathway",134,-0.591516091742395,-1.8675169314156,2.01470261533151e-06,4.41975386238349e-05,2.49186902422581e-05,3499,"tags=31%, list=13%, signal=27%","5563/399694/3643/10000/8569/2308/5260/5140/5293/5106/5565/3845/5594/2872/5894/5257/2889/51422/805/2538/2885/5595/5500/5566/5602/5792/10891/1398/8835/3099/5507/5577/5105/6655/5567/10580/3632/32/6517/801/5837"
"hsa04976","hsa04976","Bile secretion",84,-0.665519553223408,-1.95268658558697,2.37787618398955e-06,4.9096149445902e-05,2.76805400984543e-05,1726,"tags=32%, list=7%, signal=30%","112/5566/1576/79799/7367/54658/7366/483/6256/9971/108/5567/6550/6548/482/111/54575/115/54576/477/8671/343/123264/8647/760/9429/200931"
"hsa04923","hsa04923","Regulation of lipolysis in adipocytes",56,-0.730182851555221,-1.99424820144554,2.89120316544394e-06,5.63784617261568e-05,3.17863271990328e-05,4109,"tags=48%, list=16%, signal=41%","5295/5733/5346/3643/10000/5140/5293/4886/155/5592/4852/63924/112/5566/2770/364/154/4881/108/5567/111/54979/11343/51099/115/5742/5593"
"hsa04971","hsa04971","Gastric acid secretion",73,-0.683877211623238,-1.96693551292797,3.08425545506865e-06,5.69775613015314e-05,3.21241011386652e-05,2153,"tags=32%, list=8%, signal=29%","805/54207/3708/112/5566/2776/2770/817/483/108/5567/6548/5579/482/111/6750/6752/818/115/477/801/4638/760"
"hsa04725","hsa04725","Cholinergic synapse",113,-0.612974426667204,-1.8823004995337,3.64713993654141e-06,6.40073058863018e-05,3.60874898984098e-05,3846,"tags=38%, list=15%, signal=33%","23533/51764/6572/5578/10000/775/56479/773/5293/3845/2793/815/5594/1129/1132/2791/1136/1143/5595/814/3708/112/5566/596/5294/2776/2770/817/60482/94235/108/55970/1103/5567/5579/111/84699/54331/818/115/2767/2788/2775"
"hsa00280","hsa00280","Valine, leucine and isoleucine degradation",48,-0.752535728148855,-2.01082354338909,4.43844076259416e-06,7.4185367031931e-05,4.18259079382307e-05,3316,"tags=48%, list=13%, signal=42%","1629/223/1738/224/3158/316/26275/30/27034/4329/36/3155/3033/549/1962/4594/34/38/10449/54511/35/3030/3032"
"hsa04935","hsa04935","Growth hormone synthesis, secretion and action",115,-0.603524366308034,-1.84971348348273,5.78597081041425e-06,9.23125342934274e-05,5.20460532228651e-05,3675,"tags=31%, list=14%, signal=27%","6774/5578/399694/10000/775/5293/3845/6751/3479/5594/5894/2885/5595/3708/6416/5608/112/6753/5566/5602/1398/2776/2770/8835/2690/108/5336/6655/5567/5579/111/6750/6752/84699/115/2767"
"hsa04912","hsa04912","GnRH signaling pathway",91,-0.635416263041597,-1.89177691869838,6.17832961242385e-06,9.42866823461204e-05,5.31590831641045e-05,2869,"tags=34%, list=11%, signal=30%","3845/4215/815/5594/5894/805/1956/5598/2885/5595/3708/998/6416/5608/112/5566/5602/5580/5337/2776/817/108/6655/2185/5567/5579/111/818/115/2767/801"
"hsa04928","hsa04928","Parathyroid hormone synthesis, secretion and action",114,-0.601840566445185,-1.84633055872956,8.63101770611153e-06,0.000126228633951881,7.11680407346038e-05,2697,"tags=31%, list=10%, signal=28%","5594/11214/5894/2260/9826/1956/1026/4205/5595/3708/9368/112/5566/5144/5745/596/5337/2776/2770/4208/4209/846/6256/108/7421/408/5567/10672/5579/111/84699/115/2767/6258/6446"
"hsa04728","hsa04728","Dopaminergic synapse",131,-0.573325253911597,-1.79922668126105,1.13710063431147e-05,0.000159648929057331,9.0010492316024e-05,2984,"tags=31%, list=11%, signal=28%","773/5525/2793/815/2892/6571/2903/2890/805/2774/2791/5500/3708/3800/5566/5602/406/50632/5532/4129/2776/2770/5521/817/3798/5516/94235/2893/55970/408/5567/5579/4128/111/84699/5523/54331/818/2788/2775/801"
"hsa00071","hsa00071","Fatty acid degradation",43,-0.745774042548347,-1.95285494927121,1.34596589737317e-05,0.000181705396145378,0.000102445987330428,3332,"tags=56%, list=13%, signal=49%","113612/130/124/223/23205/224/37/10455/30/128/36/3033/1962/34/38/125/10449/126/1374/1376/35/3030/3032/51"
"hsa04070","hsa04070","Phosphatidylinositol signaling system",97,-0.611499971756833,-1.84082484276477,1.40853030008269e-05,0.00018310893901075,0.000103237308544073,3279,"tags=35%, list=12%, signal=31%","5288/808/5295/253430/5578/5289/22908/79837/1606/5293/5728/3631/5297/23396/3613/3706/805/1040/8867/3708/117283/8897/3612/8395/3707/5336/113026/5579/3632/84812/4534/801/51196/5333"
"hsa04611","hsa04611","Platelet activation",123,-0.578103858208511,-1.79858597398484,1.58301107278993e-05,0.000198441745196166,0.000111881985595679,2997,"tags=38%, list=11%, signal=34%","10627/6093/8773/23365/5295/23533/2983/10000/7408/103910/2982/5293/5594/54518/5908/2811/4659/5592/83660/8673/3690/5595/5500/3708/112/5566/695/2909/5294/2776/2770/7094/10235/108/5336/64805/5567/5023/10672/111/5028/115/6786/4638/5906/5742/5593"
"hsa00982","hsa00982","Drug metabolism - cytochrome P450",63,-0.688396897931535,-1.93126664479292,2.15693310055779e-05,0.000252361172765262,0.000142281902773637,3977,"tags=41%, list=15%, signal=35%","1558/54600/2327/130/124/2938/2948/316/128/2946/1576/4129/79799/7367/54658/7366/4259/4128/125/126/2330/54575/2329/54576/27306/2949"
"hsa04924","hsa04924","Renin secretion",67,-0.669527152279307,-1.8963258340348,2.08970009618099e-05,0.000252361172765262,0.000142281902773637,3843,"tags=46%, list=15%, signal=40%","2983/358/1179/775/5153/5140/2982/155/805/3708/112/5566/5532/5137/5136/5139/2776/2770/185/154/4881/1907/5567/5734/3778/22802/1908/117/111/801/5593"
"hsa04082","hsa04082","Neuroactive ligand signaling",195,-0.516057873645966,-1.69373023848911,2.34566712323057e-05,0.000265590051694816,0.000149740380022868,2513,"tags=29%, list=10%, signal=26%","6869/2892/6571/150/5029/2903/2890/5179/3359/5368/9177/1129/2774/1132/2791/1136/285242/1143/112/5566/3360/6536/148/3363/2776/2770/60482/6505/94235/154/2893/108/116443/5030/64805/55970/22953/140/1103/5567/5025/5023/2901/5579/111/246213/54331/5028/6865/115/9934/2767/2788/2775/57030/2899"
"hsa03030","hsa03030","DNA replication",36,0.803063904990116,1.92571263183481,2.45930831444674e-05,0.000269755380740877,0.000152088803656575,2259,"tags=64%, list=9%, signal=59%","5983/5984/4172/5425/4176/4173/1763/4175/3978/6742/4171/2237/5422/23649/5111/5427/5558/5982/5557/10535/5985/5424/79621"
"hsa04081","hsa04081","Hormone signaling",204,-0.502519167749774,-1.66031332994081,3.18194931806915e-05,0.000338443700194628,0.000190815461498246,3940,"tags=30%, list=15%, signal=26%","4880/114131/4352/51764/9843/6774/269/2100/3643/53919/4089/147/5293/6751/2793/3479/4882/2641/155/5592/150/5179/5368/657/2791/3690/4086/112/6753/5566/7434/3953/5745/4842/2852/7433/148/2776/2770/94235/2690/7432/185/154/4881/108/7068/55970/553/5567/10672/111/6750/6752/54331/2981/115/2767/2788/2775/2980/5593"
"hsa04972","hsa04972","Pancreatic secretion",97,-0.596210556044028,-1.7947984526169,3.9333207493243e-05,0.000406057524415538,0.000228936316059742,3509,"tags=37%, list=13%, signal=32%","1179/5578/4218/1360/492/683/7220/5408/5908/491/8399/6344/23436/1359/3708/112/489/2776/490/5322/483/108/6548/3778/22802/5579/482/111/1811/391013/115/493/477/8671/5906/760"
"hsa00562","hsa00562","Inositol phosphate metabolism",78,-0.646829453331027,-1.88999559552028,5.03300826168661e-05,0.000480455059602967,0.000270881844970334,3343,"tags=35%, list=13%, signal=30%","27124/5289/22908/79837/5293/5728/3631/5297/23396/3613/3706/51763/8867/4329/117283/8897/3612/5294/8395/3707/5336/113026/3632/84812/4534/51196/5333"
"hsa03460","hsa03460","Fanconi anemia pathway",51,0.736797837015732,1.87631798418828,5.10317582337428e-05,0.000480455059602967,0.000270881844970334,5903,"tags=63%, list=22%, signal=49%","146956/79728/2175/675/55215/2189/2187/29089/2177/672/84126/641/545/83990/9894/197342/55120/116028/2178/6119/91442/2188/29935/5888/80233/2176/5889/84464/57697/353497/5429/5395"
"hsa04921","hsa04921","Oxytocin signaling pathway",151,-0.534811675948975,-1.7171643803696,5.20150776778141e-05,0.000480455059602967,0.000270881844970334,3506,"tags=40%, list=13%, signal=35%","3762/808/6093/6261/23533/2983/27091/5578/5563/59284/775/10645/57118/55799/2982/5565/3845/783/4882/815/5594/4637/4659/5894/51422/805/1956/1026/5598/782/5595/814/5500/3708/112/5566/29904/5532/54776/781/5294/2776/2770/817/4208/5997/4881/108/6263/5567/5579/1827/111/818/115/4660/2775/801/10398/4638"
"hsa04072","hsa04072","Phospholipase D signaling pathway",146,-0.53558936551808,-1.71217622485883,4.94921523836538e-05,0.000480455059602967,0.000270881844970334,3506,"tags=29%, list=13%, signal=26%","5578/399694/3643/56894/10000/22800/9846/1606/5293/3845/5594/1785/5156/23396/5894/382/1956/2885/5595/3815/112/4254/2206/5899/9267/5294/5337/8395/185/80310/108/2205/5336/553/2549/6655/2185/10672/111/1902/115/8613/8611"
"hsa04714","hsa04714","Thermogenesis",231,-0.480932957548541,-1.61323954490006,5.75505676906259e-05,0.000517955109215633,0.000292024473032056,3499,"tags=26%, list=13%, signal=23%","5468/4700/51412/5346/6391/4694/5563/4512/6595/522/4720/4724/51548/4698/4541/5565/6604/3845/9377/4709/2641/1350/506/6390/1352/518/155/4717/656/5592/2260/7385/4707/51422/2885/112/5566/6195/515/4719/10891/1346/6392/7386/498/4881/108/152831/6655/5567/8110/1268/111/11343/1374/84699/1376/115/788/5593"
"hsa04961","hsa04961","Endocrine and other factor-regulated calcium reabsorption",51,-0.696781834085487,-1.88271971735443,6.19297890871738e-05,0.00054343389923995,0.000306389482852334,4377,"tags=55%, list=17%, signal=46%","1212/2099/1213/8766/476/3816/5578/9365/492/1785/491/112/6547/5566/5745/6543/624/2776/6546/490/483/7421/5567/5579/482/115/493/477"
"hsa04062","hsa04062","Chemokine signaling pathway",188,-0.494181598274297,-1.61649019890226,7.93371758050611e-05,0.00067920362701406,0.000382936817749717,3846,"tags=35%, list=15%, signal=30%","23533/6360/51764/9844/6774/6356/399694/10000/7074/7409/6352/10563/10803/5293/1236/4792/3845/7454/1794/2793/5594/6846/5908/5894/56288/653361/6363/6357/643/2885/2791/5595/6366/2826/998/6355/112/1524/5566/5580/6358/6359/1398/729230/5294/2776/2770/10235/94235/56477/108/5336/55970/408/6655/2185/5567/5579/111/54331/6368/115/6387/2788/5906"
"hsa04371","hsa04371","Apelin signaling pathway",137,-0.534923944807806,-1.69141504177793,9.01194393757062e-05,0.000753141029068402,0.000424622922371749,3869,"tags=39%, list=15%, signal=33%","8678/643246/23533/5346/51764/5563/10000/5289/22800/4089/5140/5565/3845/2793/5594/59/5894/51422/805/440738/4205/2791/5595/814/3708/9759/5581/112/6547/5566/10891/4842/6543/5294/2776/2770/6546/4208/4209/94235/185/108/55970/6263/5567/6548/10672/111/54331/115/2788/801/4638"
"hsa03020","hsa03020","RNA polymerase",34,0.770647360113387,1.82942115976222,0.000112521653454732,0.000840321284310869,0.000473775382967292,2137,"tags=44%, list=8%, signal=41%","84172/10849/9533/5433/64425/25885/51082/55718/10622/10623/11128/30834/5438/221830/51728"
"hsa04540","hsa04540","Gap junction",88,-0.603334465428809,-1.78547113953283,0.000110086850663056,0.000840321284310869,0.000473775382967292,2986,"tags=34%, list=11%, signal=30%","84617/2982/3845/5594/5156/5592/5894/1956/7846/7280/5598/2885/5595/3708/112/5566/2776/2770/80310/108/79861/6655/5567/5579/10382/111/1902/115/2767/5593"
"hsa04726","hsa04726","Serotonergic synapse",108,-0.572004685789069,-1.74101418262871,0.00010660631916629,0.000840321284310869,0.000473775382967292,2984,"tags=31%, list=11%, signal=28%","773/7220/836/3845/1573/1843/2793/5594/6571/5894/3359/9177/2791/285242/5595/3708/1562/5566/3360/4129/3363/2776/2770/94235/7166/55970/5567/5579/4128/111/54331/2788/2775/5742"
"hsa04922","hsa04922","Glucagon signaling pathway",102,-0.571881356304311,-1.72695233735755,0.000112211816433432,0.000840321284310869,0.000473775382967292,3499,"tags=28%, list=13%, signal=25%","5563/10000/2308/5260/5140/5106/5565/2641/815/5465/5257/51422/805/2538/3708/5566/5532/10891/2776/817/5105/108/5567/1374/84699/818/32/801/5837"
"hsa04723","hsa04723","Retrograde endocannabinoid signaling",147,-0.522060228159008,-1.67140402724046,0.000109332048917701,0.000840321284310869,0.000473775382967292,4233,"tags=32%, list=16%, signal=27%","2891/3762/4700/2565/4694/51764/2566/5578/775/4720/4724/773/4698/4541/2793/4709/5594/222236/4717/2892/2890/4707/2791/5595/3708/112/5566/5602/4719/2776/2770/94235/2893/108/57406/55970/5567/5579/1268/111/11343/246213/54331/115/2788/2775/57030"
"hsa00970","hsa00970","Aminoacyl-tRNA biosynthesis",44,0.751629617474742,1.8715246807373,0.000118507908082138,0.000866589077850634,0.000488585235075481,4894,"tags=57%, list=19%, signal=46%","2617/3376/7407/1615/8565/16/79587/124454/4141/51067/283459/3735/57176/10056/80222/54938/92935/2193/79731/51520/2058/6897/118672/833/5917"
"hsa04146","hsa04146","Peroxisome",82,-0.619414650630083,-1.81845660423151,0.000133023759341123,0.000952884480178252,0.000537238813235901,1832,"tags=32%, list=7%, signal=30%","8310/1384/55711/283927/83594/11001/5826/5824/10455/55825/30/225/5264/3155/2053/847/1962/7498/54677/5825/54511/6342/8800/51/1610/55670"
"hsa03410","hsa03410","Base excision repair",44,0.748230200992994,1.86306028324979,0.000139704012933218,0.000980722170791193,0.000552933777504106,3995,"tags=57%, list=15%, signal=48%","5983/5984/5425/55247/3978/11232/2237/5111/5427/5423/5982/55775/5985/3980/4913/5424/4350/54840/7515/11284/4595/328/54107/10038/252969"
"hsa04927","hsa04927","Cortisol synthesis and secretion",64,-0.647654327053363,-1.82891565418957,0.000165485936256552,0.00112199400381715,0.000632583214027966,1846,"tags=31%, list=7%, signal=29%","6770/3776/775/1583/3708/112/5566/5087/3777/2776/8912/185/108/3284/5567/111/84699/115/2767/5151"
"hsa03018","hsa03018","RNA degradation",75,0.659213711936937,1.78007931252035,0.000166221333898838,0.00112199400381715,0.000632583214027966,4747,"tags=43%, list=18%, signal=35%","80336/23404/3329/51010/9125/23016/56915/87178/11340/26986/54512/5042/8761/84186/11044/22894/51690/51691/255967/23658/2023/28960/22803/118460/57819/2027/9924/5393/25804/51013/219988/3313"
"hsa04730","hsa04730","Long-term depression",59,-0.660768425096087,-1.83366206664238,0.000176879214940186,0.00114971489711121,0.000648212327656042,2984,"tags=42%, list=11%, signal=38%","2891/6261/2983/5578/773/2982/3845/2781/3479/5594/2892/5592/5894/2890/5595/3708/4842/2776/2770/5516/10672/5579/2767/2775/5593"
"hsa04713","hsa04713","Circadian entrainment",95,-0.567366993902455,-1.69512474178767,0.000175274114035255,0.00114971489711121,0.000648212327656042,2773,"tags=39%, list=10%, signal=35%","2793/815/5594/2892/5592/2903/2890/805/2791/5595/3708/9252/112/5566/4842/2776/2770/817/8912/94235/8863/2893/108/5187/55970/6263/5567/5579/117/111/54331/818/115/2788/2775/801/5593"
"hsa03440","hsa03440","Homologous recombination",41,0.742501960415112,1.829785874938,0.00020545040250173,0.0013111471141474,0.000739228242494262,4267,"tags=51%, list=16%, signal=43%","7516/146956/25788/79728/8438/675/5425/672/6742/5892/641/83990/5424/11073/4361/7517/7979/580/6119/29935/5888"
"hsa05032","hsa05032","Morphine addiction",90,-0.57161171335308,-1.69825770388885,0.000224291922133879,0.00140582972623199,0.000792610551901679,1957,"tags=24%, list=7%, signal=23%","2791/112/5566/5144/5137/5136/5139/2770/94235/108/55970/408/5567/5579/27115/111/54331/115/2788/2775/5151/5138"
"hsa04148","hsa04148","Efferocytosis",157,-0.507339888351047,-1.63053149136874,0.000234574646357782,0.00144448598020318,0.000814405051066723,5192,"tags=41%, list=20%, signal=33%","23200/55754/55423/63982/5732/10062/5603/89790/338382/51454/1847/575/4772/5175/7376/100133941/19/23411/5468/3586/91937/9844/3988/23339/713/714/836/6566/1793/815/5594/84466/558/5029/712/1901/10396/3690/5595/51552/23166/1524/489/405/682/1398/5087/51761/817/7386/5467/5869/948/55576/6256/203859/114786/64805/5734/161291/1374/818/6446/840"
"hsa03010","hsa03010","Ribosome",166,0.546031186857101,1.63806595597408,0.000251592722302558,0.00152229479363701,0.000858273867757557,7952,"tags=55%, list=30%, signal=39%","6204/63875/6173/6218/11222/51649/200916/64978/64951/65005/6187/6136/64979/7818/6227/51263/51069/51073/6154/51116/6209/6223/6132/6156/6137/64949/6167/6141/51253/6158/6183/6191/54534/25873/100169760/6129/128308/6188/10399/6130/11224/65993/51121/6193/6169/10884/7311/6165/6175/6210/6159/6168/6147/6182/9045/6139/6217/51373/6134/84311/122704/60488/9349/6222/23107/6142/6181/6160/6124/6161/6143/6194/51642/6201/28977/10240/6155/6205/28957/6207/6208/29088/64960/6224/6234/6233/6150/6123/26589/3921/79590/6203"
"hsa05415","hsa05415","Diabetic cardiomyopathy",198,-0.474536168230974,-1.56623076315734,0.000255884310041548,0.00152229479363701,0.000858273867757557,5446,"tags=36%, list=21%, signal=29%","5162/5880/4689/4540/125965/4722/4711/5601/5291/25874/7048/509/10476/5603/2936/1347/5501/4088/4705/1509/4790/5295/4700/6391/4694/5578/3643/4512/10000/522/4720/4724/5293/5728/4698/4541/9377/4709/815/7417/1350/506/6390/518/5465/4717/5164/7385/653361/4707/5500/5602/5580/515/489/4719/1346/6392/291/817/7386/498/1215/185/948/51660/5579/5350/1376/818/6517/5166"
"hsa04140","hsa04140","Autophagy - animal",165,-0.502171890583788,-1.6207238189204,0.000272619079412879,0.00157484739905244,0.00088790316695714,6064,"tags=47%, list=23%, signal=37%","6237/57617/2475/4893/57724/23604/7405/10670/5562/5605/64419/9711/22808/5170/10010/84938/55062/5601/5291/1612/8417/9776/79065/55102/338382/7314/55626/9474/9706/5861/1509/81631/100130302/5295/64689/8678/643246/84971/9842/5563/10000/4218/23339/5289/11345/22800/10645/5293/8837/5728/3845/5594/116442/5894/29982/23710/440738/64121/8673/5595/140775/3708/5566/5602/5580/51100/4077/9451/8897/596/10133/5516/115201/53349/9342/5567/10241/58476"
"hsa04015","hsa04015","Rap1 signaling pathway",208,-0.473300049102171,-1.56391875143471,0.000273691428325352,0.00157484739905244,0.00088790316695714,3988,"tags=33%, list=15%, signal=28%","4803/8823/2254/51466/1500/2252/1946/83593/5578/3643/10000/7074/7409/7408/3683/5293/3845/3479/5594/4804/54518/5908/1436/5156/5894/2260/2903/83660/2889/56288/2247/1435/9863/805/1956/3690/5595/3815/998/284/5608/23094/112/4254/7010/2255/9223/1398/5899/2776/2770/7094/10235/57568/80310/108/2263/260425/5579/1268/111/1902/5028/115/2775/801/5906/2277/51196"
"hsa04960","hsa04960","Aldosterone-regulated sodium reabsorption",36,-0.726379416655838,-1.84269252715649,0.00029960200858169,0.00169613395180925,0.000956284849123223,4109,"tags=56%, list=16%, signal=47%","5295/6337/476/5578/3643/5293/3845/3479/5594/5595/6340/483/6338/5579/482/3291/23327/477/4306/6446"
"hsa03083","hsa03083","Polycomb repressive complex",82,0.636594578528985,1.75096473103798,0.000427641912097143,0.00238257636739837,0.00134330291519236,3085,"tags=30%, list=12%, signal=27%","84733/100170841/57332/2146/8535/54881/6322/1876/11335/7027/171023/3066/11091/26147/9212/404281/54554/3607/8473/221937/84678/84759/26013/5931/1460"
"hsa04382","hsa04382","Cornified envelope formation",183,0.536185190188303,1.62128771791905,0.000437261009239646,0.00239810334754868,0.00135205706804364,3281,"tags=27%, list=12%, signal=24%","144501/9076/25984/9075/6273/3854/3872/6282/1294/5317/9119/1830/3853/3868/28227/147409/10686/3855/6703/23562/2125/51702/51208/6699/6698/1828/6700/9080/3866/26154/3889/59344/6707/286887/6274/84283/29943/3881/79852/8688/6278/6276/6271/1282/9074/9069/3852/3875/3882"
"hsa04750","hsa04750","Inflammatory mediator regulation of TRP channels",97,-0.552513485769051,-1.66325526989669,0.000486772327770675,0.00258874374314404,0.00145954063191207,2971,"tags=30%, list=11%, signal=27%","5293/1573/3479/815/5029/805/5500/3708/5608/5581/112/5566/5602/5580/623/624/2776/817/108/5336/5567/5734/5579/162514/111/2150/818/115/801"
"hsa04510","hsa04510","Focal adhesion",199,-0.468936645629688,-1.54843190994065,0.000483946001134921,0.00258874374314404,0.00145954063191207,3194,"tags=27%, list=12%, signal=24%","7409/7408/103910/5293/3695/5728/1793/7060/3479/5594/5908/5156/23396/4659/5894/256076/83660/2889/5063/1956/2885/3690/5595/5500/998/5602/1288/1398/54776/2909/596/2317/5649/7094/8395/80310/2012/7414/3679/2316/55742/6655/1101/284217/857/824/5579/8516/4660/10398/4638/5906/7148/2277"
"hsa04014","hsa04014","Ras signaling pathway",233,-0.438654773847409,-1.47478441556089,0.00055176813055008,0.00289060617646385,0.00162973147750849,4167,"tags=34%, list=16%, signal=29%","808/2113/5295/26279/4803/8823/2254/51764/2252/253959/1946/83593/5578/399694/3643/10000/7074/22800/9846/10928/5293/3845/2793/3479/5594/4804/5908/1436/5156/8399/5894/115727/2260/2903/7039/2247/1435/2322/805/382/5063/1956/2885/2791/4303/5595/3815/998/284/5566/4254/5602/8036/7010/2255/25/5899/3363/5337/10235/23179/94235/5869/5322/80310/2263/5336/55970/2549/6655/5567/5579/54979/391013/54331/2788/801/5906/2277/51196"
"hsa04672","hsa04672","Intestinal immune network for IgA production",45,-0.664782467657803,-1.75897296028361,0.000630847643377346,0.00317462814092882,0.00178986381914716,5091,"tags=51%, list=19%, signal=41%","3117/3113/3600/3109/9020/3112/3586/940/5284/3676/3558/10803/3695/959/8741/57379/2826/115650/56477/8174/608/23495/6387"
"hsa03420","hsa03420","Nucleotide excision repair",61,0.657136472528497,1.72079215611301,0.000621674205438401,0.00317462814092882,0.00178986381914716,4067,"tags=38%, list=15%, signal=32%","5983/5433/5984/5425/3978/8451/5111/5427/2071/5982/5438/5985/5424/1022/4331/5437/2968/2068/6119/54107/2967/29935/5436"
"hsa05163","hsa05163","Human cytomegalovirus infection",208,-0.458911621226151,-1.51637526987019,0.000633116723262159,0.00317462814092882,0.00178986381914716,3092,"tags=26%, list=12%, signal=23%","3716/54205/6352/5293/836/4792/3845/2793/5594/842/11214/5156/5894/578/805/9826/1956/3587/1026/2885/2791/3690/5595/3708/5608/112/5566/5532/355/567/1398/2776/7132/2770/94235/108/55970/6655/2185/5567/5734/8737/10672/5579/111/84699/54331/115/6387/2767/2788/2775/801/3570"
"hsa03082","hsa03082","ATP-dependent chromatin remodeling",110,0.591965823992414,1.69209576148032,0.000667446594536819,0.00329963034763977,0.0018603403969299,3873,"tags=31%, list=15%, signal=26%","55257/8607/79913/6599/92815/3066/86/26039/404281/85235/9555/3014/10856/83444/605/9643/1108/8193/6602/8332/84295/6603/3015/6597/9112/65980/5931/8335/6944/8089/317772/8331/9031/54107"
"hsa04666","hsa04666","Fc gamma R-mediated phagocytosis",96,-0.54161192932788,-1.62673370918507,0.000681103996675276,0.00332038198379197,0.00187204022478,4109,"tags=41%, list=16%, signal=34%","5295/2213/3055/5788/5578/273/10000/9846/7409/7408/10109/5293/7454/1793/5594/1785/23396/5894/653361/10163/382/8853/5595/998/3985/5581/5580/1398/5337/8395/5336/4082/85477/5579/2934/55616/8613/1073/8611"
"hsa00830","hsa00830","Retinol metabolism",62,-0.631768131857877,-1.77491375104889,0.00076396738596357,0.00367332263661936,0.00207102910686591,2048,"tags=27%, list=8%, signal=25%","316/1562/128/1576/8630/79799/7367/54658/9227/7366/10170/125/126/5959/54575/54576/54884"
"hsa05131","hsa05131","Shigellosis",240,-0.433902215709948,-1.45314711954014,0.000776884246207736,0.00368495095160697,0.00207758518189267,4475,"tags=28%, list=17%, signal=23%","10097/3678/81631/4790/4671/10627/6093/5295/7100/3554/27128/8678/643246/9844/929/10000/5289/2308/4615/3606/10109/54205/6352/103910/5293/4792/1793/5594/7323/83660/3059/10163/8353/382/440738/64121/1956/4303/5595/3708/998/9252/5581/5602/5580/8915/1398/10318/9267/596/7132/7094/3099/23157/23118/7414/5336/113026/8737/824/8976/84812/10241/23048/10398/51196/5333"
"hsa04932","hsa04932","Non-alcoholic fatty liver disease",154,-0.483178200791438,-1.5505044045978,0.000812234125425211,0.00380125570698999,0.00214315811340266,5205,"tags=36%, list=20%, signal=29%","125965/4722/4711/5601/5291/356/10062/5603/1347/4296/3952/2353/4705/4790/5295/5468/4700/6391/4694/5563/3643/4512/10000/6945/4720/54205/4724/5293/836/4698/5565/9377/4709/1350/6390/5465/4717/7385/4707/51422/998/5602/3953/4719/355/1346/9451/6392/7132/7386/22877/6256/10018/840/3570"
"hsa04722","hsa04722","Neurotrophin signaling pathway",119,-0.516194715155038,-1.59534180450431,0.000844957737905359,0.00390237060532607,0.00220016696296686,4280,"tags=36%, list=16%, signal=30%","4790/27330/808/4145/5295/10019/4803/57498/399694/10000/5293/4792/6272/3845/4215/4916/815/5594/4804/5908/5894/2889/805/5598/2885/5595/814/998/9252/5602/5580/6195/1398/25/596/817/5336/2549/6655/5663/818/801/5906"
"hsa04911","hsa04911","Insulin secretion",83,-0.566802603820193,-1.65756098367635,0.000938048484644049,0.00427603919623456,0.00241084231186714,2707,"tags=31%, list=10%, signal=28%","2641/815/6833/6616/54795/139760/112/5566/2776/817/483/108/6844/5567/3778/5579/117/482/111/3779/84699/818/115/3782/477/2767"
"hsa00980","hsa00980","Metabolism of xenobiotics by cytochrome P450",68,-0.596875646190532,-1.69314570037655,0.00102079223560149,0.0045935650602067,0.00258986424147206,3308,"tags=35%, list=13%, signal=31%","22977/1645/2947/873/54600/130/124/2938/2052/2948/128/2946/1576/79799/7367/54658/7366/4259/125/126/54575/54576/27306/2949"
"hsa04662","hsa04662","B cell receptor signaling pathway",80,-0.574885816901782,-1.69099330462973,0.00107848966911755,0.00479177055519316,0.00270161302856895,5119,"tags=49%, list=19%, signal=39%","25780/5605/971/5533/5880/5291/10859/11024/6654/2353/4772/4790/5295/2213/29760/10000/7409/5293/4792/3845/5594/5894/23547/640/55024/2885/5595/1380/695/930/5532/8915/973/933/974/5336/6655/5579/10990"
"hsa00500","hsa00500","Starch and sucrose metabolism",32,-0.720909792966358,-1.78394058887669,0.00156709475639539,0.00687562824368476,0.00387649755529385,3017,"tags=31%, list=11%, signal=28%","8972/5167/178/2538/6476/3099/5236/57733/5837/7360"
"hsa05142","hsa05142","Chagas disease",99,-0.530338510916195,-1.59967253765523,0.00166804152921157,0.00722817995991682,0.00407526715388923,5311,"tags=43%, list=20%, signal=35%","7124/9630/5601/5291/7048/356/5603/3827/148022/2353/915/10333/4790/5295/3586/3459/917/10000/916/713/714/4615/919/6352/3558/5293/8837/4792/5594/712/2774/5595/6416/5602/355/624/2776/7132/2770/5521/5516/2767/2775"
"hsa04380","hsa04380","Osteoclast differentiation",130,-0.498421904408068,-1.56440765252478,0.00170480277503442,0.00729738748825709,0.00411428654308692,5334,"tags=38%, list=20%, signal=30%","4689/7124/5601/5291/7048/10859/55423/11024/5603/9020/2353/4772/4790/5295/5468/2213/3454/3554/3459/29760/10000/2354/4286/9846/3716/5293/4792/8792/5594/1436/1540/653361/23547/1435/2885/3690/5595/814/3708/5608/5602/695/489/5532/2355/7132/23118/5336/10990"
"hsa04962","hsa04962","Vasopressin-regulated water reabsorption",42,-0.664251892390834,-1.73531882481984,0.00180046739339699,0.00754577430223301,0.0042543276917673,3978,"tags=33%, list=15%, signal=28%","8766/361/4905/10540/1639/1780/1783/112/5566/5869/6844/5567/84699/115"
"hsa04926","hsa04926","Relaxin signaling pathway",127,-0.506947203891903,-1.58286584470036,0.00180582632873952,0.00754577430223301,0.0042543276917673,2971,"tags=26%, list=11%, signal=23%","5293/4792/3845/2793/5594/59/5894/1956/2885/2791/5595/6416/112/5566/5602/1288/1910/4842/10022/2770/94235/108/55970/408/6655/5567/111/84699/54331/115/2788/2775/2277"
"hsa00040","hsa00040","Pentose and glucuronate interconversions",32,-0.714184003663624,-1.76729716324086,0.00195086772663656,0.00805593614175804,0.00454195829854704,1306,"tags=28%, list=5%, signal=27%","79799/7367/54658/7366/57016/54575/54576/7358/7360"
"hsa04080","hsa04080","Neuroactive ligand-receptor interaction",335,-0.39097719935624,-1.3472815258791,0.00202847350948123,0.00827900234683619,0.00466772362034849,2903,"tags=23%, list=11%, signal=21%","257313/165829/6751/4886/2641/3001/155/6869/2892/6344/150/5029/2903/2890/100996758/80763/27334/5179/5368/4852/1129/1901/1132/1136/1143/6753/1134/7434/3953/1269/3360/5745/2587/1910/10424/623/10022/7433/148/4887/5539/624/3363/2690/10800/7432/2908/1511/185/286530/154/2893/116443/7068/1907/5030/22953/140/553/5734/5025/5023/2901/1268/1908/117/66004/6750/6752/2150/1902/5697/5028/6865/9934/2899/9340"
"hsa05231","hsa05231","Choline metabolism in cancer",98,-0.526062619383711,-1.58550740158064,0.00209945176636597,0.00847020195395924,0.0047755224691688,3061,"tags=28%, list=12%, signal=24%","1606/5293/3845/7454/5594/5156/23396/5894/10163/1956/2885/5595/5602/57153/5130/5337/60482/6583/8395/80310/80736/23446/6655/5579/8613/8611/6584"
"hsa00640","hsa00640","Propanoate metabolism",32,-0.710264724518091,-1.75759863893855,0.00220692688634753,0.00880262883077254,0.00496294562958536,2706,"tags=53%, list=10%, signal=48%","1892/8310/84693/1629/55862/1738/26275/4329/8802/55902/1962/4594/32/8801/35/3030/51"
"hsa05145","hsa05145","Toxoplasmosis",109,-0.51393581463051,-1.57061267197161,0.00234210100120125,0.00923682529687237,0.00520774675607139,5984,"tags=44%, list=23%, signal=34%","3303/3122/3111/3717/3115/5170/7124/1234/5601/3688/3117/3113/5603/330/3109/10319/146850/3908/3909/4790/3305/3112/3586/329/23533/3459/6774/10000/23643/4615/3716/54205/836/4792/959/5594/842/3587/5595/5608/5602/596/5294/7132/2770/23118/284217/2775"
"hsa00620","hsa00620","Pyruvate metabolism",46,-0.628304587468457,-1.65965520036442,0.00247024976256878,0.00963397407401823,0.00543166029664246,3308,"tags=37%, list=13%, signal=32%","130/124/223/5106/1738/224/4200/5091/4190/128/55902/5105/38/125/126/197257/32"
"hsa04211","hsa04211","Longevity regulating pathway",86,-0.542921388439506,-1.59456838510097,0.00271420858588791,0.0104690902598534,0.00590250103119637,4280,"tags=30%, list=16%, signal=25%","4790/23411/5295/5468/5563/3643/10000/2308/9365/10645/5293/5565/3845/3479/51422/814/112/5566/10891/847/108/83667/5567/111/84699/115"
"hsa04071","hsa04071","Sphingolipid signaling pathway",124,-0.490878253907549,-1.53113668919312,0.00281730964656604,0.0107486487602683,0.00606011685989035,5594,"tags=42%, list=21%, signal=33%","9517/5170/5880/387/7124/5601/5291/8879/5603/3827/10715/5526/1509/166929/4790/6093/5295/55012/5529/427/55304/5578/171546/10000/9846/130367/5293/5525/5728/3845/5594/5894/81537/1901/5595/5581/2206/5602/596/624/5337/2776/7132/2770/5521/5516/2205/140/10672/5579/5523/6609"
"hsa04920","hsa04920","Adipocytokine signaling pathway",70,-0.570463767808538,-1.62405210593222,0.00289562247313702,0.0109286396566784,0.00616159620769395,3675,"tags=33%, list=14%, signal=28%","6774/5563/10000/10645/4792/5106/5565/23205/5465/51422/4852/2538/5602/3953/10891/7132/948/5105/6256/1374/32/6517/6258"
"hsa05414","hsa05414","Dilated cardiomyopathy",102,-0.506514097421738,-1.5295580015054,0.00292924491448523,0.0109379251594076,0.00616683139891627,2976,"tags=31%, list=11%, signal=28%","55799/3695/783/3479/1837/3690/782/6443/112/6547/5566/6442/489/4842/781/6543/6546/1674/8082/8910/108/1756/3679/6445/5567/284217/8516/111/5350/7169/115/7168"
"hsa00053","hsa00053","Ascorbate and aldarate metabolism",27,-0.697764982515641,-1.6677082075524,0.00394550366027259,0.0145775977342703,0.00821888851114954,3190,"tags=41%, list=12%, signal=36%","54600/9365/223/224/79799/7367/54658/7366/54575/54576/7358"
"hsa00920","hsa00920","Sulfur metabolism",10,-0.862150468248409,-1.62842261779191,0.00425067080393801,0.0155085914122929,0.00874378523170209,1998,"tags=60%, list=8%, signal=55%","10380/23474/8991/7263/58472/9060"
"hsa04919","hsa04919","Thyroid hormone signaling pathway",119,-0.480244318445379,-1.48423417578284,0.00428585004841142,0.0155085914122929,0.00874378523170209,3506,"tags=28%, list=13%, signal=24%","5578/53919/10000/2308/5293/3845/5594/842/5894/9611/3690/5595/5566/489/483/6256/7068/8648/5336/113026/5567/6548/5579/1827/482/8850/5350/10231/84812/477/6258/51196/5333"
"hsa03430","hsa03430","Mismatch repair",23,0.752109317687814,1.68175866340131,0.00486617977484771,0.0169111792175401,0.00953456797989964,2674,"tags=52%, list=10%, signal=47%","5983/9156/5984/5425/3978/6742/5111/5982/5985/5424/2956/4436"
"hsa01212","hsa01212","Fatty acid metabolism",57,-0.574818465751973,-1.58603328221245,0.00484878771810713,0.0169111792175401,0.00953456797989964,2805,"tags=35%, list=11%, signal=31%","201562/23205/37/6785/30/79071/401494/36/3033/1962/34/38/10449/6342/1374/1376/35/3030/3032/51"
"hsa00140","hsa00140","Steroid hormone biosynthesis",58,-0.56595130573148,-1.56337135351657,0.0048609096874024,0.0169111792175401,0.00953456797989964,1512,"tags=29%, list=6%, signal=28%","1583/1646/1576/8630/79799/7367/54658/7366/10170/3284/51170/3294/3291/5959/54575/54576/79154"
"hsa04260","hsa04260","Cardiac muscle contraction",84,-0.531315857219464,-1.55892241193673,0.00474322575918534,0.0169111792175401,0.00953456797989964,3916,"tags=31%, list=15%, signal=26%","476/27091/59284/4512/775/55799/783/9377/1350/7385/3270/782/6547/489/1346/781/6543/6546/7386/483/845/6548/482/7169/7168/477"
"hsa04810","hsa04810","Regulation of actin cytoskeleton",225,-0.41769008834705,-1.39928394399328,0.00491562701808481,0.0169155400328213,0.00953702661919447,4160,"tags=33%, list=16%, signal=28%","5962/10627/6093/23365/5295/8823/2254/8826/729/2252/3676/23191/10000/7074/22800/7430/7409/10109/79837/3683/103910/5293/3695/3845/1793/5594/5156/23396/324/4659/3071/5894/2260/2247/10163/1129/5063/1956/1132/3690/5595/5500/9459/998/3985/81553/2255/623/1398/54776/2909/10788/624/8395/80310/2263/7414/3679/55970/6655/6548/85477/10672/8516/730/8976/2934/1902/4629/6387/4660/10398/4638/1073"
"hsa05219","hsa05219","Bladder cancer",41,0.666916471920393,1.64351665738523,0.00498189059640413,0.0169771223236684,0.0095717468791413,829,"tags=22%, list=3%, signal=21%","595/4609/4312/1869/7422/1019/1029/1871/3576"
"hsa03050","hsa03050","Proteasome",45,0.65365068139348,1.63118187352614,0.00521306865505732,0.017426543789763,0.00982513190126091,6061,"tags=56%, list=23%, signal=43%","10213/5688/11047/5682/51371/5701/5690/5683/7979/23198/5713/5718/10197/5687/5695/5693/5715/5692/5691/5689/5710/5686/5719/9861/5684"
"hsa04115","hsa04115","p53 signaling pathway",75,0.583408836167596,1.57538288600232,0.00520806847981692,0.017426543789763,0.00982513190126091,2105,"tags=29%, list=8%, signal=27%","595/1017/51512/6241/898/5366/1111/891/1019/1029/983/8795/5268/64065/7161/11200/598/10848/637/9133/545/5054"
"hsa00020","hsa00020","Citrate cycle (TCA cycle)",29,-0.697786709557529,-1.68723145812887,0.00562833479164766,0.0186372218100786,0.0105077154004941,5528,"tags=69%, list=21%, signal=55%","3417/5162/1431/48/1737/2271/6391/5106/1738/1743/6390/4967/5091/4190/8802/6392/50/5105/3419/8801"
"hsa04360","hsa04360","Axon guidance",180,-0.4405127911578,-1.44058930391991,0.00575052046039012,0.0188638568373545,0.0106354928337761,3105,"tags=28%, list=12%, signal=25%","1946/22854/5578/7223/57689/2042/219699/103910/7220/5293/223117/3845/815/5594/91653/57715/5894/7225/56288/59277/9353/5063/5595/2044/998/56896/3985/4690/5532/9723/25/2770/817/4756/137970/285220/56963/56920/5362/2045/5336/6586/57556/818/8633/9423/6387/10398/80031/1073"
"hsa04660","hsa04660","T cell receptor signaling pathway",118,-0.466003580080949,-1.44244950964653,0.00605385993224374,0.0196750447797922,0.0110928427608365,5697,"tags=45%, list=22%, signal=35%","926/5605/5533/5170/387/7124/1739/5601/5291/5058/5603/6654/9020/3702/5526/2353/915/4772/4790/5295/55012/925/5529/3586/5788/940/917/10000/916/9402/7409/919/920/3558/5293/5525/4792/3845/959/5594/5894/5063/2885/5595/998/5602/4690/5532/8915/5521/5516/6655/5523"
"hsa04931","hsa04931","Insulin resistance",107,-0.48443396140765,-1.47173852057944,0.0073149723030306,0.0231708666051008,0.0130637964365241,3801,"tags=37%, list=14%, signal=32%","7376/4790/27330/5295/10999/6774/5563/3643/10000/2308/6945/11001/5293/5728/4792/5106/5565/5465/51422/2538/5500/5581/28965/5602/5580/6195/5792/10891/7132/22877/5507/948/5105/133522/5579/1374/84699/32/6517/5837"
"hsa04820","hsa04820","Cytoskeleton in muscle cells",230,-0.409381766568781,-1.37472195627557,0.00732753901186949,0.0231708666051008,0.0130637964365241,3021,"tags=26%, list=11%, signal=23%","4892/29766/3695/1829/7060/9260/1837/7140/29767/256076/83660/9124/64236/23345/2192/832/3690/6443/5318/1288/84665/6442/56776/1634/22989/25777/7094/1674/8082/8910/27295/483/161176/1756/7414/3679/6445/284217/23500/8516/7111/1824/482/171024/2318/7169/72/25802/270/287/7168/4629/288/477/11155/10398/8736/2273/1465"
"hsa05132","hsa05132","Salmonella infection",244,-0.400382291344859,-1.34207120422478,0.00725373903544901,0.0231708666051008,0.0130637964365241,4280,"tags=32%, list=16%, signal=27%","4790/347733/113146/4671/5288/112574/10627/7100/27128/329/5788/9844/9842/23191/929/10000/23643/23339/5289/399/4615/3606/10109/54205/103910/84617/5293/836/4792/10540/55860/5594/10121/257364/1785/57381/89953/1639/3071/5894/578/382/5063/6934/7846/7280/5595/1780/1783/11035/9367/51429/3800/998/6416/5608/5602/9267/596/5294/7132/3798/838/5869/83547/79443/23118/79026/79861/2316/51209/8737/26084/10382/83439/8976/8743/10398/840"
"hsa03273","hsa03273","Virion - Lassa virus and SFTS virus",16,-0.755179393165527,-1.57608022256877,0.007983867204187,0.0250208695416932,0.0141068330299545,4687,"tags=69%, list=18%, signal=57%","4627/79784/5101/64881/5097/8828/27328/5099/10332/30835/4629"
"hsa05207","hsa05207","Chemical carcinogenesis - receptor activation",192,-0.426500402450949,-1.39886048701598,0.00812563961664682,0.0252398186322392,0.0142302771115939,2984,"tags=27%, list=11%, signal=24%","773/5293/3845/2938/5594/2052/5465/155/2948/5894/2247/367/1956/2885/1136/1143/5595/2946/112/5566/6195/1576/405/2255/79799/596/7367/5241/54658/2770/2053/7366/154/6256/4259/108/85315/7421/408/54852/6655/5567/5579/111/84699/54575/115/54576/9314/2949/6258"
"hsa00380","hsa00380","Tryptophan metabolism",42,-0.613412876387519,-1.60250489908403,0.00825481654900418,0.025416145690355,0.0143296907775881,3124,"tags=33%, list=12%, signal=29%","223/1738/224/1743/316/4129/3033/847/7166/1962/26/38/4128/3030"
"hsa04012","hsa04012","ErbB signaling pathway",84,-0.517354647114187,-1.51795912609623,0.0090341761493031,0.0275738767687425,0.0155462253187092,3506,"tags=36%, list=13%, signal=31%","5578/399694/10000/3084/5293/145957/3845/815/5594/5894/7039/10718/5063/1956/1026/2885/5595/6416/5602/4690/1398/25/685/817/5336/9542/2549/6655/5579/818"
"hsa00565","hsa00565","Ether lipid metabolism",50,-0.583251806148048,-1.56643356806398,0.00912393658159612,0.0276077736218986,0.0155653364549916,1946,"tags=26%, list=7%, signal=24%","8399/5168/254531/5337/5048/79153/5322/54979/391013/5051/8613/133121/8611"
"hsa04964","hsa04964","Proximal tubule bicarbonate reclamation",22,-0.718495866313597,-1.62782636663125,0.00936787891824072,0.0280605842742886,0.0158206323093905,956,"tags=59%, list=4%, signal=57%","476/358/2746/5106/4190/483/5105/762/6550/482/477/8671/760"
"hsa04625","hsa04625","C-type lectin receptor signaling pathway",103,-0.485770816466893,-1.47055635705352,0.00943347277597168,0.0280605842742886,0.0158206323093905,5622,"tags=36%, list=21%, signal=28%","5533/22808/387/114548/7124/5601/5291/5058/5603/9020/4772/4790/808/23365/5295/3586/10000/22800/3558/5293/4792/3845/5594/1540/5894/805/5595/10332/3708/5602/5580/4046/5532/8915/30835/5336/801"
"hsa04151","hsa04151","PI3K-Akt signaling pathway",334,-0.360751127459623,-1.24331645381242,0.00964728647670858,0.0284554416245774,0.0160432539373836,2994,"tags=28%, list=11%, signal=25%","4170/5295/3454/55012/5529/4803/8823/2254/23533/1287/51764/2252/3676/1946/3563/5578/5563/3643/10000/23239/3716/3558/5293/5525/3695/5728/5106/3845/7060/2793/3479/5594/842/4804/1436/5156/5894/256076/2260/7039/2247/1435/2322/9863/1129/8115/1956/2538/1026/2885/2791/3690/5595/3815/284/10110/4254/3566/1288/930/7010/2255/9223/596/5294/5649/5521/5516/94235/2690/5105/6256/80310/2668/2263/3679/10018/55970/6655/1101/284217/8516/1902/84699/5523/54331/2788/7148/2277/6446/3570/23035"
"hsa04390","hsa04390","Hippo signaling pathway",155,0.494106112706635,1.46842282312255,0.00983660676522734,0.02877207478829,0.0162217725601995,2802,"tags=18%, list=11%, signal=16%","84962/7472/7004/85409/595/4609/7473/6932/7477/8313/1454/268/51176/332/85407/655/7161/652/7481/174/7479/7474/5054/11211/374/7976/27113/6788"
"hsa04310","hsa04310","Wnt signaling pathway",169,0.480606742390408,1.44715648979585,0.0105771530317875,0.0306824852409705,0.017298867072432,3363,"tags=23%, list=13%, signal=20%","7472/4316/147111/85409/8607/595/27121/54894/4609/7473/6932/7477/8840/8313/1454/84133/8549/51176/85407/1459/5582/6424/8061/7481/147495/7479/7474/11211/4007/59352/7976/22943/25805/64840/1460/5881/1499/27101/5332"
"hsa05170","hsa05170","Human immunodeficiency virus 1 infection",196,-0.42089314077683,-1.38199557636388,0.0123320435908781,0.0354798959049034,0.0200036600093622,3630,"tags=27%, list=14%, signal=23%","164/3133/162/5578/917/10000/916/4615/54205/919/920/5293/836/4792/3845/2793/9616/5594/842/5894/578/805/5063/2791/5595/3708/3985/5608/5602/5532/355/9582/567/1398/596/2776/7132/2770/200315/94235/23118/5336/55970/2185/8737/5579/54331/2767/2788/2775/801/1073"
"hsa04530","hsa04530","Tight junction",165,-0.429048554380924,-1.38472348731057,0.0124415391302387,0.0355039043472667,0.0200171960332468,3265,"tags=29%, list=12%, signal=26%","150084/7074/7430/7408/10109/103910/5565/7454/4637/56288/3059/51422/7846/8777/998/5581/9368/5566/5602/9073/7122/1366/27134/5010/911/9223/1740/5521/5516/154810/23370/83700/64398/79861/912/5567/55114/54566/11346/57530/23327/58494/91862/11149/4629/10398/5906/137075"
"hsa04640","hsa04640","Hematopoietic cell lineage",92,-0.482278717331791,-1.43772572481389,0.0126111379276446,0.0356976565532519,0.0201264340441187,5311,"tags=51%, list=20%, signal=41%","7124/3675/914/3117/3113/3109/3672/952/924/915/3678/100133941/3112/925/3554/966/3676/3563/917/929/916/947/1378/920/3568/1436/2811/945/951/1435/2322/931/3690/1380/3815/7850/2208/3590/4254/3566/930/911/933/948/912/290/3570"
"hsa04657","hsa04657","IL-17 signaling pathway",91,0.534513077650306,1.50164169286494,0.0130349614565,0.0366021717698519,0.0206364021374484,4508,"tags=35%, list=17%, signal=29%","225689/4314/4312/4322/2921/3326/2919/6374/7188/1051/3576/1437/2920/1994/8061/4586/6372/3934/27189/51433/6278/3605/6364/7186/3627/3320/55540/3551/4318/112744/7184/1440"
"hsa01230","hsa01230","Biosynthesis of amino acids",70,0.576183747192119,1.5483231230041,0.0134574885701628,0.0372071308031358,0.0209774796550893,3712,"tags=33%, list=14%, signal=28%","29968/5053/5831/84706/6472/5723/7086/65263/95/22934/4143/440/29920/5631/5315/26227/2023/5634/384/1373/5230/2027/2597"
"hsa03015","hsa03015","mRNA surveillance pathway",92,0.532105731686769,1.49744736578721,0.0134624091509921,0.0372071308031358,0.0209774796550893,4680,"tags=36%, list=18%, signal=30%","80336/28227/1477/51692/26986/29107/55308/10898/124540/10921/1479/5042/8761/55110/10189/2521/65109/22916/11052/29894/8106/5411/9775/65110/7919/53918/26528/5522/56000/1478/81608/8189/4116"
"hsa01521","hsa01521","EGFR tyrosine kinase inhibitor resistance",78,-0.522798185895176,-1.52758391504817,0.0135952266955663,0.0372806607042482,0.0210189360095926,3675,"tags=37%, list=14%, signal=32%","6774/5578/399694/10000/3084/3716/5293/5728/3845/3479/5594/558/5156/5894/7039/2247/1956/2885/5595/596/80310/2263/5336/10018/9542/2549/6655/5579/3570"
"hsa04142","hsa04142","Lysosome",133,-0.440182472472205,-1.38795366102787,0.0138510869290604,0.0376878411790714,0.0212485054480894,4704,"tags=33%, list=18%, signal=27%","57192/285362/1522/1201/535/1509/1212/3423/5660/1213/9583/11154/5641/8905/427/4125/9741/164/967/162/3988/23431/1521/8722/6272/53/4668/1657/1519/8763/410/9114/950/2629/26503/245972/1511/23335/79158/1520/6609/10239/9516/2517"
"hsa04742","hsa04742","Taste transduction",76,-0.523430060907035,-1.51590594340383,0.0142847589217619,0.0385688490887572,0.0217452200590384,3294,"tags=28%, list=12%, signal=24%","775/5153/80835/773/8645/10021/3359/9177/285242/112/5566/5137/5136/6328/6340/5030/22953/5567/6338/6335/5028"
"hsa00100","hsa00100","Steroid biosynthesis",20,0.750064627269853,1.62225107231133,0.0144217328650408,0.0386414369132008,0.0217861452682014,3752,"tags=45%, list=14%, signal=39%","1056/1594/6713/1717/51478/50814/7108/1591/10682"
"hsa04152","hsa04152","AMPK signaling pathway",120,-0.466013995410461,-1.44542838923374,0.0153190545672588,0.0404284823541942,0.0227936862575754,4354,"tags=32%, list=16%, signal=27%","5208/3156/23411/5295/5468/55012/5529/8900/5563/3643/10000/4218/2308/10645/5293/5525/5106/5565/3479/51422/2538/51552/29904/3953/10891/148/5521/55437/5516/948/5105/23216/1374/84699/5523/32/51719/6517"
"hsa05012","hsa05012","Parkinson disease",264,-0.382824138969702,-1.28561598415459,0.015310511932224,0.0404284823541942,0.0227936862575754,3428,"tags=24%, list=13%, signal=21%","4512/283375/143471/522/4720/54205/4724/7345/84617/836/4698/4541/90550/9377/1843/4709/815/7417/842/1350/506/6390/518/4717/89953/6571/7385/4707/805/6622/5071/2774/7846/7280/7326/3708/3800/5566/5602/51465/515/4719/4137/1346/4129/9451/6392/291/2770/817/7386/498/3798/9927/79861/6263/5567/4128/10382/111/65018/818/801"
"hsa04973","hsa04973","Carbohydrate digestion and absorption",43,-0.585613216571018,-1.53346402944188,0.0162551219918565,0.0425787150682212,0.0240059932008564,4109,"tags=30%, list=16%, signal=26%","5295/476/10000/8972/5293/6518/2538/6476/3099/483/5579/482/477"
"hsa00650","hsa00650","Butanoate metabolism",27,-0.642657076389194,-1.53599637097275,0.0166274829207261,0.0429183163120972,0.0241974612885718,2628,"tags=37%, list=10%, signal=33%","622/3158/3155/3033/54988/1962/38/54511/35/3030"
"hsa02010","hsa02010","ABC transporters",45,-0.568436415968776,-1.50404731468382,0.0166293191408696,0.0429183163120972,0.0241974612885718,3087,"tags=33%, list=12%, signal=29%","8714/5826/10349/1672/6833/23461/5243/340273/225/23460/10350/5825/10351/8647/9429"
