"","category","subcategory","ID","Description","GeneRatio","BgRatio","RichFactor","FoldEnrichment","zScore","pvalue","p.adjust","qvalue","geneID","Count"
"hsa04080","Environmental Information Processing","Signaling molecules and interaction","hsa04080","Neuroactive ligand-receptor interaction","188/2499","370/9522",0.508108108108108,1.93605658479608,10.9548903623925,7.21127571752883e-25,2.51673522541756e-22,1.81420515419936e-22,"2906/8862/3352/2563/64106/5021/2904/27346/90226/4828/2564/3814/7349/6755/100506013/5645/387129/183/10874/2147/1909/1241/5644/283869/4157/796/84634/1813/7425/2568/53637/2151/3060/2918/2925/2912/152/51289/116444/56923/56413/2922/3972/8973/1144/6019/130576/2560/1815/2914/3358/4985/51083/4142/1146/2569/2831/4159/2556/4158/5020/2358/57152/5617/2557/1081/2692/7201/2741/8484/23620/3375/2915/797/4160/2554/2895/2562/1137/6870/1139/886/116/89832/4923/186/2642/4543/4889/3827/153/4988/3952/1816/2743/6754/5729/146/2891/2897/84539/5737/2565/5733/114131/2898/5027/2566/5540/53829/147/57105/257313/165829/6751/4886/2641/3001/155/6869/2892/6344/150/5029/2903/2890/100996758/80763/27334/5179/5368/4852/1129/1901/1132/1136/1143/6753/1134/7434/3953/1269/3360/5745/2587/1910/623/10022/7433/148/4887/5539/624/3363/2690/10800/7432/2908/1511/185/286530/154/2893/116443/7068/1907/5030/22953/140/553/5734/5025/5023/2901/1268/1908/117/66004/6750/6752/2150/1902/5697/5028/6865/9934/2899/9340",188
"hsa04082",NA,NA,"hsa04082","Neuroactive ligand signaling","112/2499","199/9522",0.562814070351759,2.14450403276889,9.73260504542582,1.30427194096576e-19,2.27595453698525e-17,1.64063680995166e-17,"2906/3352/2563/2904/2564/63910/5582/109/2786/1813/2568/2792/2790/2918/2912/152/116444/5332/6529/8973/6531/2560/1815/2914/3358/4985/6512/2569/4159/2556/181/2557/2741/2915/4160/2554/2562/1137/6870/1139/140679/89832/6506/153/170572/4988/1816/2743/146/2891/2897/2565/2898/51764/2566/6572/53829/147/6869/2892/6571/150/5029/2903/2890/5179/3359/5368/9177/1129/2774/1132/2791/1136/285242/1143/3360/6536/148/3363/2776/2770/60482/6505/94235/154/2893/108/116443/5030/64805/55970/22953/140/1103/5567/5025/5023/2901/5579/111/246213/54331/5028/6865/115/9934/2767/2788/2775/57030/2899",112
"hsa04020","Environmental Information Processing","Signal transduction","hsa04020","Calcium signaling pathway","132/2499","254/9522",0.519685039370079,1.98016844533089,9.44468851058042,8.16652956023363e-19,9.50039605507178e-17,6.84842303472223e-17,"2906/4233/5021/2904/9965/7422/5582/26281/8817/109/4485/26291/1909/5255/5335/776/8877/2264/2248/2925/487/2253/116444/56413/5332/810/2769/163688/8074/8822/7125/3358/6588/2249/100507027/51806/7201/2915/6870/10345/816/1139/886/2066/89832/4923/153/952/1816/146/6261/5737/5733/4803/8823/2254/5027/2252/775/5153/492/147/57118/57105/773/4916/815/155/5156/491/6869/3706/2260/2903/2247/3270/1129/2774/814/255231/3708/6547/489/3360/5137/2255/1910/5136/623/4842/6543/148/624/3363/2776/817/6546/8912/490/10800/185/154/844/80310/2668/108/2263/845/116443/3707/5336/113026/22953/553/6263/100130933/2185/5567/5025/5023/5579/5350/6865/115/84812/493/2767/6786/4638/2277/51196/5333",132
"hsa04060","Environmental Information Processing","Signaling molecules and interaction","hsa04060","Cytokine-cytokine receptor interaction","136/2499","298/9522",0.456375838926175,1.73893987125051,7.73073278304292,1.8971429791683e-13,1.65525724932434e-11,1.19320308426638e-11,"3624/51330/3589/9518/2921/2919/9966/6374/5473/268/51561/3976/8744/285613/3576/655/8795/1437/2920/284340/53832/10913/83729/652/11009/84957/3552/3625/1237/6373/5008/6372/6370/27189/4982/6369/3557/26525/3605/6364/10344/338376/8600/3627/3623/5196/7292/3598/27177/970/112744/1440/4838/6348/56300/3553/8808/50604/8794/27178/55504/3596/6349/5617/2056/3567/56832/6346/282617/8200/392255/2829/3952/4803/3586/6360/51554/269/85480/6356/944/4050/1439/6352/10563/920/3558/10803/1236/959/8792/130399/27190/6846/4804/3568/1436/10148/1435/6363/6357/3587/643/2660/6366/2826/115650/6355/7850/939/1524/3590/3953/8742/6358/6359/355/654/3572/729230/653/1271/56477/2690/3603/768211/94/608/23495/650/8743/6368/6387/3977/651/3570",136
"hsa04820","Cellular Processes","Cell motility","hsa04820","Cytoskeleton in muscle cells","110/2499","233/9522",0.472103004291845,1.79886546893435,7.36427850811407,2.88333793366354e-12,2.01256987769715e-10,1.45077424451703e-10,"6712/1301/10529/1311/6641/81624/7137/51332/271/633/1277/7138/1299/343263/3673/85301/4703/84823/127294/22801/1290/7058/1289/375790/4622/7139/1278/57159/50509/1282/4607/165904/57644/1462/3696/29895/1281/27063/84033/1297/131873/7125/4608/8557/1298/4624/84467/8048/137868/84676/4633/51778/9499/4620/91977/1158/1287/57731/2199/84675/4606/4892/3695/7060/9260/1837/7140/29767/256076/64236/23345/2192/3690/1288/84665/6442/56776/1634/22989/1674/8082/8910/27295/161176/1756/7414/3679/6445/284217/23500/8516/7111/1824/482/171024/2318/7169/72/25802/270/287/7168/4629/288/477/11155/10398/8736/2273/1465",110
"hsa04081",NA,NA,"hsa04081","Hormone signaling","101/2499","219/9522",0.461187214611872,1.75727277212255,6.76279098945376,1.23521313334167e-10,7.18482305893737e-09,5.17922699769577e-09,"5021/90226/268/7349/3481/6755/183/1734/109/4157/796/2786/1813/2792/2790/3060/341208/2520/152/5332/2769/3972/5296/57817/1815/4985/4159/4158/5020/5617/2056/1081/2692/7201/3375/797/9370/4160/886/4883/186/2642/153/4988/3952/1816/6754/146/2099/84539/4880/114131/51764/269/2100/53919/147/5293/6751/3479/2641/155/5592/150/5179/5368/2791/3690/6753/7434/3953/5745/4842/2852/7433/148/2776/2770/94235/2690/7432/185/154/4881/108/7068/55970/553/5567/10672/111/6750/6752/54331/2981/115/2767/2788/2775/2980/5593",101
"hsa04970","Organismal Systems","Digestive system","hsa04970","Salivary secretion","54/2499","97/9522",0.556701030927835,2.1212113711464,6.62057573217843,6.68475441504701e-10,3.33282755835915e-08,2.40249068450562e-08,"1469/1470/1472/4025/5582/6558/362/4586/109/3783/1473/5332/810/163688/5554/5555/4069/653247/5542/55503/51806/4589/3346/153/952/146/820/492/147/683/2982/155/491/5592/3708/4842/148/54831/2776/490/154/108/6844/6263/5567/6548/3778/5579/482/111/115/493/477/5593",54
"hsa04974","Organismal Systems","Digestive system","hsa04974","Protein digestion and absorption","56/2499","105/9522",0.533333333333333,2.03217286914766,6.34386423583909,2.7938295681286e-09,1.15093784367995e-07,8.29661120915424e-08,"1300/1301/1294/1277/6520/5645/1299/85301/6510/4311/5644/3783/1303/1290/1289/1278/169044/50509/1295/1282/1361/3784/1281/1297/131873/136227/1298/3769/11136/153201/63036/84570/1308/1287/1360/91522/340267/256076/7373/23436/6564/1359/6547/1288/1310/6543/4224/6546/6505/81578/340024/6550/482/477/4225/206358",56
"hsa04061","Environmental Information Processing","Signaling molecules and interaction","hsa04061","Viral protein interaction with cytokine and cytokine receptor","54/2499","100/9522",0.54,2.057575030012,6.3416565044877,2.96803455390246e-09,1.15093784367995e-07,8.29661120915424e-08,"2921/2919/6374/5473/3576/8795/2920/53832/11009/1237/6373/6372/6370/6369/6364/10344/3627/5196/6348/50604/8794/27178/6349/6346/2829/3586/6360/51554/6356/6352/10563/3558/10803/1236/6846/1436/1435/6363/6357/3587/643/6366/2826/6355/1524/6358/6359/3572/729230/56477/8743/6368/6387/3570",54
"hsa04610","Organismal Systems","Immune system","hsa04610","Complement and coagulation cascades","49/2499","88/9522",0.556818181818182,2.1216577540107,6.30546093677134,4.08477114886656e-09,1.42558513095443e-07,1.02764242587274e-07,"731/5328/717/2243/2244/2161/2147/3053/4179/2155/5054/5055/5270/2151/629/2266/10544/5345/2153/1361/3426/1604/3687/725/735/2165/732/10877/3080/2158/3078/3827/729/713/714/1378/11326/2157/3075/712/1380/1675/2/623/624/2162/1191/5648/730",49
"hsa04382",NA,NA,"hsa04382","Cornified envelope formation","96/2499","217/9522",0.442396313364055,1.68567334768009,6.09469565106836,5.36066451413158e-09,1.70079265039265e-07,1.22602757787315e-07,"144501/9076/25984/9075/6273/3854/3872/6282/1294/5317/9119/1830/3853/3868/28227/147409/10686/3855/6703/23562/2125/51702/51208/6699/6698/1828/6700/9080/3866/26154/3889/59344/6707/286887/6274/29943/3881/79852/8688/6278/6276/6271/1282/9074/3852/3882/3886/3851/5522/3885/6704/3860/8687/3713/353135/285848/121391/49861/125115/196374/3850/9071/6280/8689/1041/3891/390792/23581/112802/3890/388697/388698/6705/149461/147183/1308/3859/1287/55304/667/3848/192666/6785/342574/9073/1288/7122/3857/5010/5521/2053/54474/5523/51099/11240/137075",96
"hsa05033","Human Diseases","Substance dependence","hsa05033","Nicotine addiction","28/2499","41/9522",0.682926829268293,2.60217257634761,6.13249531862282,1.99625924333558e-08,5.80578729936766e-07,4.18513999260706e-07,"2906/2563/2904/2564/2568/116444/8973/2560/2569/2556/2557/2554/2562/1137/1139/140679/89832/2891/2565/2566/773/2892/2903/2890/2893/116443/246213/57030",28
"hsa04024","Environmental Information Processing","Signal transduction","hsa04024","cAMP signaling pathway","96/2499","226/9522",0.424778761061947,1.61854476303796,5.61358590085695,6.31307421112247e-08,1.6948176151398e-06,1.22172043437917e-06,"2906/3352/6662/5021/2904/7137/268/6755/27198/109/1909/776/1813/8843/487/5881/338442/116444/810/627/3972/163688/5296/4158/5020/51806/54714/1081/64208/816/116/153/1816/2891/5733/3776/10000/775/5348/7074/492/5293/6751/4886/10021/2641/815/491/2892/2903/2890/2737/1261/4852/1129/1259/814/139760/64399/5602/7434/489/3360/5144/5139/5337/2770/817/490/7432/154/2893/4881/108/116443/1907/5567/6548/1908/117/482/111/5350/6750/6752/84699/11149/1258/115/493/477/10398/5906/51/64091/51196",96
"hsa04261","Organismal Systems","Circulatory system","hsa04261","Adrenergic signaling in cardiomyocytes","71/2499","154/9522",0.461038961038961,1.75670787795638,5.64713605458272,7.16468147639379e-08,1.78605273947245e-06,1.28748787432941e-06,"7137/59283/28227/183/109/27092/776/7139/487/5332/810/3784/163688/5522/4624/786/51806/59285/64208/816/4633/186/153/146/27091/3776/59284/10000/775/492/147/55799/783/815/6324/491/782/9252/6547/489/596/781/6543/148/5294/2776/2770/5521/817/6546/490/185/154/5502/108/5567/6548/6330/482/111/5350/84699/6332/5523/7169/11149/115/7168/493/477/64091",71
"hsa04713","Organismal Systems","Environmental adaptation","hsa04713","Circadian entrainment","50/2499","97/9522",0.515463917525773,1.96408460291333,5.69276702865464,8.38276425926057e-08,1.95038981765463e-06,1.4059513389216e-06,"2906/2904/5582/109/776/2786/2792/2790/5332/810/163688/51806/816/116/4543/2891/3762/6261/51764/775/2982/815/2892/5592/2903/2890/2791/3708/9252/4842/2776/2770/817/8912/94235/8863/2893/108/5187/55970/6263/5567/5579/117/111/54331/115/2788/2775/5593",50
"hsa04976","Organismal Systems","Digestive system","hsa04976","Bile secretion","47/2499","90/9522",0.522222222222222,1.98983593437375,5.62789065939651,1.22093717118966e-07,2.66316920465745e-06,1.91976305206795e-06,"28234/1244/10599/6513/109/8431/570/10998/949/366/6579/54578/64240/115072896/7363/10864/10720/361/54600/358/6555/6344/5243/1576/79799/7367/54658/7366/6256/9971/108/5567/6550/6548/482/111/54575/115/54576/477/8671/343/123264/8647/760/9429/200931",47
"hsa05414","Human Diseases","Cardiovascular disease","hsa05414","Dilated cardiomyopathy","52/2499","105/9522",0.495238095238095,1.88701766420854,5.45172209494017,2.48506543538614e-07,5.10169315852803e-06,3.67758909632996e-06,"6641/7137/59283/183/3673/109/27092/776/22801/7139/487/4607/3696/4624/786/859/137868/59285/4633/153/27091/59284/775/55799/3695/783/3479/1837/3690/782/6547/6442/489/4842/781/6543/6546/1674/8082/8910/108/1756/3679/6445/5567/284217/8516/111/5350/7169/115/7168",52
"hsa04724","Organismal Systems","Nervous system","hsa04724","Glutamatergic synapse","55/2499","116/9522",0.474137931034483,1.8066191994039,5.2138452733271,6.91816075887075e-07,1.34135450269216e-05,9.66924223023456e-06,"2906/2904/9762/9456/27165/5582/109/776/2786/123745/2792/2790/2918/10991/2912/116444/100137049/5332/2914/283748/6512/2915/6506/2891/2897/2898/51764/775/773/7220/2892/2903/2890/2791/3708/5337/2776/2770/6505/94235/2893/108/116443/55970/5567/2901/5579/111/246213/54331/115/2788/2775/57030/2899",55
"hsa04972","Organismal Systems","Digestive system","hsa04972","Pancreatic secretion","50/2499","106/9522",0.471698113207547,1.79732270266597,4.92398718924185,2.65258585307185e-06,4.87238138274776e-05,3.51228819326411e-05,"1056/5645/5582/6558/50487/109/5644/487/5332/1361/3784/64600/30814/63036/5320/886/9635/952/26279/1179/1360/492/683/7220/5408/491/8399/6344/23436/1359/3708/489/2776/490/5322/108/6548/3778/22802/5579/482/111/1811/391013/115/493/477/8671/5906/760",50
"hsa04978","Organismal Systems","Digestive system","hsa04978","Mineral absorption","33/2499","61/9522",0.540983606557377,2.06132288981166,4.96028926443709,3.32610903783111e-06,5.80406027101528e-05,4.18389505285071e-05,"115019/4891/142680/341208/795/6569/55503/10568/492/491/113235/6547/4501/6543/4493/1181/6546/490/4502/7421/3162/79901/340024/6550/482/1811/4496/4495/493/4499/477/4494/140803",33
"hsa03265","Genetic Information Processing","Information processing in viruses","hsa03265","Virion - Ebolavirus, Lyssavirus and Morbillivirus","11/2499","12/9522",0.916666666666667,3.49279711884754,5.15407074057284,3.65148890734158e-06,6.06842680315339e-05,4.37446540779267e-05,"81607/432/4179/2213/4685/4804/6504/10332/1134/30835/4684",11
"hsa04517",NA,NA,"hsa04517","IgSF CAM signaling","114/2499","302/9522",0.377483443708609,1.43833427410699,4.61749589048538,5.52908954861537e-06,8.77114660212165e-05,6.32273876611996e-05,"6712/10381/57180/51332/5361/81607/2243/2244/5582/4356/55558/51678/5335/78999/56924/10095/2266/6092/3635/90249/8497/5296/3687/4897/7278/4099/26050/22999/139065/80059/3739/3737/114798/3897/347733/51744/23705/11141/57731/4685/10000/8828/150084/4133/8506/57689/3683/94030/84617/5293/4916/3385/10225/962/2260/6504/25945/7225/9863/23114/84631/3742/9353/5063/5803/7846/7280/3690/22865/10332/8777/84623/117157/3736/1272/57823/5376/5602/145581/54413/5375/79827/120425/57502/4063/137970/22871/83700/5362/6900/30835/7414/5336/253559/79861/6586/5579/10580/10382/23136/8976/342035/58494/287/8633/4629/4684/9423/57863/288/10398/4638/5906/4359",114
"hsa04014","Environmental Information Processing","Signal transduction","hsa04014","Ras signaling pathway","93/2499","238/9522",0.390756302521008,1.48890816830934,4.55628920138366,8.01837632243917e-06,0.000121670145066577,8.77067249914398e-05,"4233/2904/9965/7422/3481/1944/5582/26281/8817/285/50487/26291/598/9610/5335/5228/2786/2264/123745/2792/2790/2248/56924/5881/2253/100137049/810/627/163688/8074/8822/64600/5296/11145/283748/8437/5923/2249/4909/30814/51806/5320/26279/4803/8823/2254/51764/2252/1946/399694/10000/7074/5293/3479/4804/1436/5156/8399/115727/2260/2903/2247/1435/2322/5063/2791/3815/284/4254/5602/7010/2255/3363/5337/10235/23179/94235/5322/80310/2263/5336/55970/2549/6655/5567/5579/54979/391013/54331/2788/5906/2277/51196",93
"hsa04514","Environmental Information Processing","Signaling molecules and interaction","hsa04514","Cell adhesion molecule (CAM) interaction","67/2499","160/9522",0.41875,1.59557322929172,4.53183320896214,1.08175525416044e-05,0.000151595830211846,0.000109278852120739,"1001/9076/9075/10686/23562/51208/9080/80381/79679/9074/1462/3696/1013/1493/49861/1002/4897/9071/4099/149461/26050/139065/114798/9379/3897/6402/925/23705/5788/4685/22854/8506/57689/3683/94030/920/3695/959/3385/25945/23114/84631/6614/22865/1272/9073/7122/5010/54413/933/120425/57502/4756/22871/152404/8174/83700/6900/9378/8516/64115/58494/4684/57863/257194/4359/137075",67
"hsa05410","Human Diseases","Cardiovascular disease","hsa05410","Hypertrophic cardiomyopathy","46/2499","99/9522",0.464646464646465,1.77045363599985,4.59655633586435,1.08593001584417e-05,0.000151595830211846,0.000109278852120739,"6641/7137/59283/183/3673/27092/776/22801/7139/487/4607/3696/4624/786/859/137868/59285/4633/27091/5563/59284/775/55799/3695/783/3479/1837/3690/782/6547/6442/489/4842/781/6543/6546/1674/8082/8910/1756/3679/6445/284217/8516/7169/7168",46
"hsa04924","Organismal Systems","Endocrine system","hsa04924","Renin secretion","35/2499","69/9522",0.507246376811594,1.9327731092437,4.63851334338974,1.14609349720907e-05,0.000153841011740756,0.00011089730600525,"183/1909/776/5332/810/5972/163688/51806/9635/116/153/358/1179/775/5153/2982/155/3708/5137/5136/5139/2776/2770/185/154/4881/1907/5567/5734/3778/22802/1908/117/111/5593",35
"hsa05412","Human Diseases","Cardiovascular disease","hsa05412","Arrhythmogenic right ventricular cardiomyopathy","41/2499","86/9522",0.476744186046512,1.81654987576426,4.53733717086042,1.49689835795998e-05,0.000193487972936308,0.000139477078967811,"6641/6932/59283/51176/3673/27092/776/22801/487/3696/786/859/137868/59285/27091/59284/775/55799/3695/783/1837/3690/782/6547/6442/489/4842/781/6543/6546/1674/8082/8910/1756/3679/29119/6445/284217/8516/83439/1824",41
"hsa03320","Organismal Systems","Endocrine system","hsa03320","PPAR signaling pathway","37/2499","76/9522",0.486842105263158,1.85502622101472,4.4640118146826,2.14895056445355e-05,0.000267851338212246,0.00019308240034,"2172/4312/6319/23305/4973/336/10998/9415/1375/116519/7350/2173/9370/100509620/33/2167/5346/1582/23205/3158/729359/28965/2168/5467/364/948/5105/6256/2169/1962/34/10580/6342/1374/1376/6258/51",37
"hsa05032","Human Diseases","Substance dependence","hsa05032","Morphine addiction","42/2499","91/9522",0.461538461538462,1.7586111367624,4.33734645971691,3.16298233777331e-05,0.000380648564097546,0.000274393023131695,"2563/2564/5582/109/2786/2568/2792/2790/2560/2569/2556/2557/2554/2562/140679/4988/3762/2565/51764/2566/5153/773/2791/5144/5137/5136/5139/2770/94235/108/55970/408/5567/5579/27115/111/54331/115/2788/2775/5151/5138",42
"hsa04062","Organismal Systems","Immune system","hsa04062","Chemokine signaling pathway","76/2499","193/9522",0.393782383419689,1.50043851737586,4.18962269215488,3.8792360790228e-05,0.000451284463859652,0.000325311376451386,"2921/2919/6374/5473/3576/2920/109/6011/5335/1237/2786/6373/6372/6370/2792/2790/6369/6364/10344/5881/5332/3627/5196/5296/6348/6349/131890/6346/2829/6360/51764/6356/399694/10000/7074/6352/10563/10803/5293/1236/7454/1794/6846/653361/6363/6357/643/2791/6366/2826/6355/1524/6358/6359/729230/5294/2776/2770/10235/94235/56477/108/5336/55970/408/6655/2185/5567/5579/111/54331/6368/115/6387/2788/5906",76
"hsa04727","Organismal Systems","Nervous system","hsa04727","GABAergic synapse","41/2499","89/9522",0.460674157303371,1.75531785748007,4.27034452918197,4.13134826675073e-05,0.000465109853256776,0.000335277499406936,"2571/2563/2564/27165/5582/109/92745/776/2786/2568/2792/2790/10991/6529/2560/11337/2569/2556/2557/2554/2562/140679/2565/51764/2566/775/773/5334/2791/2770/94235/108/55970/5567/5579/111/54331/115/66008/2788/2775",41
"hsa04022","Environmental Information Processing","Signal transduction","hsa04022","cGMP-PKG signaling pathway","67/2499","166/9522",0.403614457831325,1.53790190775105,4.17037490382175,4.46018969189096e-05,0.000486439438271858,0.000350653071171691,"109/1909/776/2626/487/152/5332/810/163688/4985/4624/51806/157855/3827/153/146/10242/4880/10000/775/492/147/2982/155/491/5592/150/7225/1259/3708/6547/489/1910/5139/6543/148/5294/624/2776/2770/6546/4208/10335/490/5997/185/154/4881/108/140/8654/3778/10672/482/111/5350/3779/84699/1258/115/493/477/2767/10398/4638/5138/5593",67
"hsa04916","Organismal Systems","Endocrine system","hsa04916","Melanogenesis","45/2499","101/9522",0.445544554455446,1.69766916667657,4.20460101963622,4.95570650087164e-05,0.000524103505698243,0.000377803462107918,"7472/7473/6932/7477/51176/5582/109/7481/4157/7479/7474/11211/7976/5332/810/434/163688/7476/89780/7299/8326/51806/1638/51384/816/7471/7306/4286/815/7483/3815/4254/7482/1910/2776/2770/817/108/5567/5579/83439/111/84699/115/2775",45
"hsa04270","Organismal Systems","Circulatory system","hsa04270","Vascular smooth muscle contraction","56/2499","134/9522",0.417910447761194,1.59237426313809,4.11931607498482,5.95842349658447e-05,0.000611614647149406,0.000440886444484114,"183/5582/50487/109/1909/796/776/123745/100137049/5332/810/163688/64600/283748/30814/51806/157855/797/5320/146/10242/26279/4880/775/147/2982/8399/5592/59/3708/148/2776/800/10335/185/5322/4881/108/1907/553/5567/3778/10672/5579/94274/1908/111/3779/391013/72/115/4629/4660/2767/10398/4638",56
"hsa00830","Metabolism","Metabolism of cofactors and vitamins","hsa00830","Retinol metabolism","33/2499","68/9522",0.485294117647059,1.8491278864487,4.1916290127564,6.40661694760731e-05,0.0006388312327757,0.000460505699391924,"54905/8608/29785/145226/1592/54578/7363/1543/50700/340665/10720/216/1558/54600/130/124/56603/316/1562/1576/8630/79799/7367/54658/9227/7366/10170/125/126/5959/54575/54576/54884",33
"hsa04911","Organismal Systems","Endocrine system","hsa04911","Insulin secretion","39/2499","86/9522",0.453488372093023,1.72793768670259,4.04494424894059,9.66608533982952e-05,0.000916275148869621,0.000660502972643159,"3651/6804/5582/6513/109/3783/776/3767/5332/6514/157855/816/886/116/2864/10242/775/2641/815/6833/6616/54795/139760/2776/817/108/6844/5567/3778/5579/117/482/111/3779/84699/115/3782/477/2767",39
"hsa04728","Organismal Systems","Nervous system","hsa04728","Dopaminergic synapse","55/2499","133/9522",0.413533834586466,1.57569794835227,3.98817226662306,9.71409183615358e-05,0.000916275148869621,0.000660502972643159,"2904/28227/7054/5582/776/2786/1813/1312/2792/2790/5332/810/163688/5522/6531/1815/51806/816/1816/2891/3762/51764/10000/775/773/815/2892/6571/2903/2890/2774/2791/3708/3800/5602/50632/4129/2776/2770/5521/817/3798/94235/2893/55970/408/5567/5579/4128/111/84699/5523/54331/2788/2775",55
"hsa05207","Human Diseases","Cancer: overview","hsa05207","Chemical carcinogenesis - receptor activation","82/2499","217/9522",0.377880184331797,1.43984598447674,3.90962754757826,0.000106794586127932,0.000980823962069695,0.000707033409545037,"253152/595/4609/1869/3326/7422/3838/990/332/5582/26281/993/1978/8817/109/776/10683/2248/79852/2253/8600/8822/5296/54578/7363/2249/1543/25774/2944/1137/2939/1139/89832/10720/7471/153/2099/27330/8823/2254/54600/2252/2100/10000/775/773/5293/2938/155/2247/367/1136/1143/2946/1576/2255/79799/596/7367/5241/54658/2770/2053/7366/154/6256/108/85315/7421/408/54852/6655/5567/5579/111/84699/54575/115/54576/9314/2949/6258",82
"hsa04725","Organismal Systems","Nervous system","hsa04725","Cholinergic synapse","49/2499","116/9522",0.422413793103448,1.60953346855984,3.93991761705395,0.000122746928502873,0.00109842764224365,0.000791808796550244,"3770/5582/109/776/2786/2792/2790/5332/3784/5296/8973/1137/816/1139/89832/51764/6572/10000/775/56479/773/5293/815/1129/1132/2791/1136/1143/814/3708/596/5294/2776/2770/817/60482/94235/108/55970/1103/5567/5579/111/84699/54331/115/2767/2788/2775",49
"hsa04975","Organismal Systems","Digestive system","hsa04975","Fat digestion and absorption","23/2499","43/9522",0.534883720930233,2.03808034841844,4.0695558421363,0.00012802867999409,0.00111705023294844,0.000805233013647042,"1056/84649/29881/50487/949/64600/64240/4547/30814/8513/5320/26279/5408/8399/2168/5322/948/2169/80168/38/391013/8613/8611",23
"hsa04923","Organismal Systems","Endocrine system","hsa04923","Regulation of lipolysis in adipocytes","29/2499","59/9522",0.491525423728814,1.87287118237125,4.01166646271828,0.000131826058207103,0.00112212912961656,0.000808894169743196,"109/5296/11145/1081/100509620/153/2167/5733/5346/10000/5293/4886/155/5592/4852/63924/2770/364/154/4881/108/5567/111/54979/11343/51099/115/5742/5593",29
"hsa00140","Metabolism","Lipid metabolism","hsa00140","Steroid hormone biosynthesis","31/2499","66/9522",0.46969696969697,1.78969769726072,3.840096906009,0.000225379581906416,0.0018642575936793,0.00134386235828489,"6820/1109/1312/340811/1588/54578/6716/7363/6783/1543/1586/10720/1645/54600/1583/1646/1576/8630/79799/7367/54658/7366/10170/3284/51170/3294/3291/5959/54575/54576/79154",31
"hsa04742","Organismal Systems","Sensory system","hsa04742","Taste transduction","38/2499","86/9522",0.441860465116279,1.68363159217175,3.79874778798068,0.000229693629020659,0.0018642575936793,0.00134386235828489,"3352/5726/5332/342372/2914/259294/50831/50832/259293/2556/50838/2557/259290/259289/259296/259292/353164/2554/170572/51764/775/5153/80835/773/10021/3359/9177/285242/5137/5136/6328/6340/5030/22953/5567/6338/6335/5028",38
"hsa04310","Environmental Information Processing","Signal transduction","hsa04310","Wnt signaling pathway","67/2499","174/9522",0.385057471264368,1.46719377406135,3.71001269198783,0.000236288792803947,0.00187419974292221,0.001351029222013,"7472/4316/147111/85409/8607/595/27121/54894/4609/7473/6932/7477/8840/8313/1454/84133/8549/51176/85407/5582/6424/8061/7481/147495/7479/7474/11211/59352/7976/22943/25805/5881/5332/11197/7476/343637/89780/8326/122011/51384/6423/816/7471/164284/2487/84870/4920/64321/815/284654/7091/7483/6425/4919/7482/5602/166336/817/5467/1501/5567/55366/6422/5579/23500/83439/340419",67
"hsa04750","Organismal Systems","Sensory system","hsa04750","Inflammatory mediator regulation of TRP channels","42/2499","99/9522",0.424242424242424,1.61650114591291,3.67806979668035,0.000325935494517193,0.00252781083525557,0.0018221890804587,"41/5582/109/5335/59341/123745/100137049/5332/810/163688/5296/55515/9311/3553/283748/3358/79054/51806/816/3827/8989/4803/5293/3479/815/5029/3708/5608/5602/623/624/2776/817/108/5336/5567/5734/5579/162514/111/2150/115",42
"hsa00982","Metabolism","Xenobiotics biodegradation and metabolism","hsa00982","Drug metabolism - cytochrome P450","33/2499","73/9522",0.452054794520548,1.72247529148646,3.69619249516618,0.000348960323647363,0.00264754680332456,0.00190850154122929,"222/2950/2328/54578/2326/7363/25774/2944/2939/10720/1558/54600/2327/130/124/2938/316/2946/1576/4129/79799/7367/54658/7366/4128/125/126/2330/54575/2329/54576/27306/2949",33
"hsa04934","Human Diseases","Endocrine and metabolic disease","hsa04934","Cushing syndrome","60/2499","155/9522",0.387096774193548,1.47496417922008,3.55622739115547,0.000415936406684612,0.00308854906240275,0.00222640092267911,"7472/595/1017/7473/6932/7477/1869/8313/898/1019/51176/1029/183/109/7481/776/7479/7474/949/11211/7976/5332/7476/2516/89780/8326/4158/1586/56246/51384/816/7471/3739/6770/3776/775/815/1583/1026/7483/3708/7482/5087/3777/2776/2770/817/8912/185/108/3284/5567/83439/111/84699/115/2767/5151/5906/1030",60
"hsa04512","Environmental Information Processing","Signaling molecules and interaction","hsa04512","ECM-receptor interaction","38/2499","89/9522",0.426966292134831,1.62687996546933,3.54419454602447,0.000529128732547745,0.00377102619235249,0.00271836905435755,"1311/960/3381/6696/1277/1299/3673/22801/3161/7058/375790/1278/1282/3696/1758/1297/131873/1298/158326/56955/1834/2815/7143/1287/3695/7060/2811/256076/9899/3690/1288/5649/948/3679/1101/284217/8516/7148",38
"hsa04151","Environmental Information Processing","Signal transduction","hsa04151","PI3K-Akt signaling pathway","123/2499","362/9522",0.339779005524862,1.29466814350049,3.40959512786148,0.000536254764130389,0.00377102619235249,0.00271836905435755,"1311/595/4233/4609/1017/9965/3326/7422/3381/6696/898/28227/1019/1277/3481/672/1944/26281/1978/54541/1299/8817/3673/285/2069/26291/598/22801/5228/2786/5008/2264/7058/2792/2790/2248/374/1278/1282/2253/3696/627/8074/8822/5522/5296/1440/1297/131873/1298/2249/4909/5617/2056/100533105/57818/2066/7143/4803/8823/2254/1287/51764/2252/1946/5563/10000/3558/5293/3695/7060/3479/4804/1436/5156/256076/2260/2247/1435/2322/9863/1129/8115/2538/1026/2791/3690/3815/284/10110/4254/1288/930/7010/2255/596/5294/5649/5521/94235/2690/5105/6256/80310/2668/2263/3679/10018/55970/6655/1101/284217/8516/1902/84699/5523/54331/2788/7148/2277/6446/3570/23035",123
"hsa04925","Organismal Systems","Endocrine system","hsa04925","Aldosterone synthesis and secretion","41/2499","98/9522",0.418367346938776,1.59411519709925,3.5263802219666,0.00054026163214219,0.00377102619235249,0.00271836905435755,"183/5582/109/776/949/51305/5332/810/163688/4158/51806/816/3762/6770/775/492/57118/815/491/1583/814/3708/3777/2776/817/8912/490/185/4881/108/3284/5567/5579/482/111/84699/115/493/477/2767/5138",41
"hsa00040","Metabolism","Carbohydrate metabolism","hsa00040","Pentose and glucuronate interconversions","19/2499","36/9522",0.527777777777778,2.0110044017607,3.62514859571225,0.000612837734642858,0.00419373273314426,0.00302307984684506,"6652/55277/27294/54578/7363/729020/441282/10720/54600/9365/79799/7367/54658/7366/57016/54575/54576/7358/7360",19
"hsa00592","Metabolism","Lipid metabolism","hsa00592","alpha-Linolenic acid metabolism","15/2499","26/9522",0.576923076923077,2.198263920953,3.64948750108266,0.000672881975742737,0.00451607326027337,0.00325544113770272,"50487/123745/9415/100137049/64600/11145/283748/30814/5320/26279/8399/5322/54979/391013/51",15
"hsa05150","Human Diseases","Infectious disease: bacterial","hsa05150","Staphylococcus aureus infection","42/2499","102/9522",0.411764705882353,1.56895699456253,3.44601490669129,0.000689703498124659,0.00454163246878313,0.00327386566140603,"25984/3872/3868/717/1828/3866/629/3881/2266/8688/1671/3882/3886/3426/3885/3860/8687/1673/125115/2204/2214/8689/1670/390792/2358/147183/2213/3859/3586/820/713/714/3683/1672/3075/192666/712/342574/3857/1675/5648/54474",42
"hsa04640","Organismal Systems","Immune system","hsa04640","Hematopoietic cell lineage","41/2499","100/9522",0.41,1.56223289315726,3.37138054771133,0.000879676404604323,0.00568531602235016,0.00409829747954061,"3589/960/1437/3673/4311/3552/1604/1440/3553/2056/3567/2815/952/925/917/929/916/1378/920/3568/1436/2811/945/951/1435/2322/931/3690/1380/3815/7850/2208/3590/4254/930/911/933/948/912/290/3570",41
"hsa00350","Metabolism","Amino acid metabolism","hsa00350","Tyrosine metabolism","19/2499","37/9522",0.513513513513513,1.95665293144285,3.47776055597621,0.000952487932254399,0.00604396887921428,0.00435683475232156,"222/7054/4282/1312/7299/5409/1638/7306/3081/130/124/7173/316/4129/4128/8639/125/126/6898",19
"hsa05226","Human Diseases","Cancer: specific types","hsa05226","Gastric cancer","57/2499","150/9522",0.38,1.44792316926771,3.29834510142475,0.000971671459581845,0.00605559534632257,0.00436521576767032,"7472/595/4233/4609/1017/7473/6932/7477/9965/1869/8313/6469/898/51176/26281/8817/26291/7481/7479/7474/11211/2248/7976/7015/2253/8074/8822/5296/83998/7476/89780/8326/2249/122011/51384/7471/8823/2254/2252/399694/10000/5293/5243/2247/1026/7483/7482/2255/596/6256/2263/29119/2549/6655/83439/6258/1030",57
"hsa05224","Human Diseases","Cancer: specific types","hsa05224","Breast cancer","56/2499","148/9522",0.378378378378378,1.44174426527368,3.23074275988177,0.00120469868949005,0.0073761375900356,0.00531713733680744,"7472/595/4609/7473/6932/7477/9965/1869/8313/675/3714/1019/51176/672/26281/8817/26291/7481/7479/7474/10683/4854/11211/2248/7976/2253/8600/8074/8822/5296/7476/89780/8326/2249/122011/51384/7471/2099/8823/2254/2252/2100/399694/10000/5293/3479/2260/2247/1026/7483/3815/7482/2255/5241/6655/83439",56
"hsa05031","Human Diseases","Substance dependence","hsa05031","Amphetamine addiction","30/2499","69/9522",0.434782608695652,1.65666266506603,3.26546563556523,0.00138983096214873,0.00836294837568804,0.00602848638754167,"2906/2904/6804/7054/5582/776/116444/810/163688/6531/51806/816/2891/2354/775/815/2892/6571/2903/2890/814/4129/817/2893/116443/5567/5579/4128/111/84699",30
"hsa05034","Human Diseases","Substance dependence","hsa05034","Alcoholism","69/2499","191/9522",0.361256544502618,1.37650452851298,3.13534885371306,0.00150957015943112,0.00892949128205866,0.00643688257099086,"2906/2904/7054/83933/92815/2030/8364/2786/85235/1813/128312/8366/8356/3014/2792/2790/8346/440689/8367/8332/55869/8360/8354/8358/8335/8348/116444/810/317772/8331/627/163688/8359/653604/6531/8340/8368/8341/440093/8338/3018/8342/8343/8968/51806/8350/51764/399694/2354/6571/2903/8353/4852/2791/814/9734/4129/2770/94235/116443/55970/6655/5567/4128/111/84699/54331/2788/2775",69
"hsa04726","Organismal Systems","Nervous system","hsa04726","Serotonergic synapse","45/2499","115/9522",0.391304347826087,1.49099639855942,3.15983737147833,0.00160971238830814,0.00936316039199236,0.00674949580360782,"3352/5582/260293/776/2786/123745/2792/2790/100137049/5332/2560/283748/3358/2562/170572/3762/1558/51764/775/773/7220/1843/6571/3359/9177/2791/285242/3708/1562/3360/4129/3363/2776/2770/94235/7166/55970/5567/5579/4128/111/54331/2788/2775/5742",45
"hsa04614","Organismal Systems","Endocrine system","hsa04614","Renin-angiotensin system","13/2499","23/9522",0.565217391304348,2.15366146458583,3.30420083691891,0.00199074528621819,0.0113896738506581,0.00821032137025274,"183/4311/5972/4142/3817/186/116512/3816/1359/1215/1511/185/290",13
"hsa04961","Organismal Systems","Excretory system","hsa04961","Endocrine and other factor-regulated calcium reabsorption","24/2499","53/9522",0.452830188679245,1.72542979455933,3.15896156389469,0.00209519757246654,0.0117939347224326,0.00850173548080651,"5582/793/5332/3817/56302/2099/3816/9365/492/491/6547/5745/6543/624/2776/6546/490/7421/5567/5579/482/115/493/477",24
"hsa04927","Organismal Systems","Endocrine system","hsa04927","Cortisol synthesis and secretion","28/2499","65/9522",0.430769230769231,1.64137039431157,3.09493811324076,0.00233850142874818,0.0127521406036424,0.00919246449787524,"183/109/776/949/5332/2516/4158/1586/56246/3739/6770/3776/775/1583/3708/5087/3777/2776/8912/185/108/3284/5567/111/84699/115/2767/5151",28
"hsa04929","Organismal Systems","Endocrine system","hsa04929","GnRH secretion","28/2499","65/9522",0.430769230769231,1.64137039431157,3.09493811324076,0.00233850142874818,0.0127521406036424,0.00919246449787524,"6696/3814/5582/3783/776/84634/3767/5332/3972/348980/5296/1081/7224/3762/2100/10000/7223/775/7220/5293/3708/2852/2776/8912/408/5579/3782/2767",28
"hsa00565","Metabolism","Lipid metabolism","hsa00565","Ether lipid metabolism","23/2499","51/9522",0.450980392156863,1.71838147023515,3.06835332599473,0.00274759759094022,0.0147524855267405,0.0106344263033961,"5050/50487/79888/123745/100137049/64600/11145/283748/30814/5320/26279/122618/8399/5168/5337/79153/5322/54979/391013/5051/8613/133121/8611",23
"hsa04518",NA,NA,"hsa04518","Integrin signaling","56/2499","154/9522",0.363636363636364,1.38557241078249,2.87743781452706,0.00339736210204075,0.0179648389941246,0.0129500724463754,"1311/595/4233/7422/3381/6696/1277/2243/2244/55612/1299/3673/22801/5228/7058/2266/1278/1282/5881/3696/5296/3687/1758/1297/131873/1298/158326/1834/7143/1287/10000/3683/5293/3695/7060/3479/3385/5156/256076/3690/9459/1288/2317/5649/10979/8174/80310/7414/3679/2316/1101/55679/284217/8516/7148/2277",56
"hsa04971","Organismal Systems","Digestive system","hsa04971","Gastric acid secretion","31/2499","76/9522",0.407894736842105,1.55421115814747,2.89348454701559,0.00390997462158168,0.0203668827303284,0.0146816014855934,"5582/109/3772/2520/5332/810/3784/163688/51806/816/115111/3773/3776/815/54207/3708/2776/2770/817/108/5567/6548/5579/482/111/6750/6752/115/477/4638/760",31
"hsa04915","Organismal Systems","Endocrine system","hsa04915","Estrogen signaling pathway","51/2499","139/9522",0.366906474820144,1.3980325943327,2.81979967208366,0.00408850492291367,0.0209836502661305,0.0151262024237828,"25984/3872/3326/3868/109/3866/3881/8688/3882/5332/810/3310/3886/163688/5296/3885/3860/4318/8687/125115/8689/7031/390792/51806/147183/4988/2099/3762/3859/2100/399694/10000/5293/192666/3708/342574/3857/2852/596/2289/5241/2776/2770/108/6655/5567/54474/111/84699/115/2775",51
"hsa04723","Organismal Systems","Nervous system","hsa04723","Retrograde endocannabinoid signaling","54/2499","149/9522",0.36241610738255,1.38092283893423,2.79546406896361,0.00430513641852016,0.0217752552183121,0.0156968360644747,"2563/2564/5582/51079/109/56901/776/2786/2568/2792/2790/126328/5332/4729/2560/374291/2569/2556/2557/2915/2554/2562/22999/140679/2891/3762/2565/51764/2566/775/773/4541/2892/2890/2791/3708/5602/2776/2770/94235/2893/108/55970/5567/5579/1268/111/11343/246213/54331/115/2788/2775/57030",54
"hsa00591","Metabolism","Lipid metabolism","hsa00591","Linoleic acid metabolism","15/2499","30/9522",0.5,1.90516206482593,2.96190539976128,0.00449585935469335,0.0219179372164675,0.0157996893220803,"50487/123745/100137049/64600/11145/283748/30814/5320/26279/1558/8399/1576/5322/54979/391013",15
"hsa00430","Metabolism","Metabolism of other amino acids","hsa00430","Taurine and hypotaurine metabolism","10/2499","17/9522",0.588235294117647,2.24136713508933,3.05570707602616,0.00452175209050333,0.0219179372164675,0.0157996893220803,"2571/570/2328/2326/339896/2327/1036/124975/2330/2329",10
"hsa00910","Metabolism","Energy metabolism","hsa00910","Nitrogen metabolism","10/2499","17/9522",0.588235294117647,2.24136713508933,3.05570707602616,0.00452175209050333,0.0219179372164675,0.0157996893220803,"768/1373/763/765/762/771/23632/759/760/766",10
"hsa05204","Human Diseases","Cancer: overview","hsa05204","Chemical carcinogenesis - DNA adducts","29/2499","71/9522",0.408450704225352,1.55632957408315,2.8066322844144,0.0050434566145761,0.0241118679244802,0.0173811987149775,"2950/54578/6818/7363/1543/64816/25774/2944/2939/10720/1558/54600/2938/1646/1562/2946/10/1576/79799/7367/54658/7366/9/6817/54575/54576/27306/2949/6799",29
"hsa04928","Organismal Systems","Endocrine system","hsa04928","Parathyroid hormone synthesis, secretion and action","43/2499","115/9522",0.373913043478261,1.42472989195678,2.73337521278492,0.00540916266444704,0.0255107806742164,0.0183896141792723,"1594/4322/5582/109/142680/342538/4323/1591/8600/5332/8074/8521/632/6569/10568/56302/9247/9365/2260/1026/3708/9368/5144/5745/596/5337/2776/2770/4208/846/6256/108/7421/408/5567/10672/5579/111/84699/115/2767/6258/6446",43
"hsa04921","Organismal Systems","Endocrine system","hsa04921","Oxytocin signaling pathway","55/2499","155/9522",0.354838709677419,1.3520504976184,2.63592851308556,0.0065742919602811,0.0305923719218414,0.0220527126808026,"595/5021/3770/59283/5582/109/27092/776/7226/123745/100137049/5332/810/163688/283748/5020/786/51806/59285/816/952/3762/6261/27091/5563/59284/775/57118/55799/2982/783/815/1026/782/814/3708/781/5294/2776/2770/817/4208/5997/4881/108/6263/5567/5579/1827/111/115/4660/2775/10398/4638",55
"hsa04371","Environmental Information Processing","Signal transduction","hsa04371","Apelin signaling pathway","50/2499","140/9522",0.357142857142857,1.36083004630424,2.56555939862346,0.00806317518780356,0.0370269492176769,0.0266911200815104,"8862/595/6696/100506013/109/8877/2786/4854/5054/2792/2790/5332/810/163688/441925/7350/51806/4633/6261/5346/51764/5563/10000/59/440738/2791/814/3708/6547/10891/4842/6543/5294/2776/2770/6546/4208/94235/185/108/55970/6263/5567/6548/10672/111/54331/115/2788/4638",50
"hsa04744","Organismal Systems","Sensory system","hsa04744","Phototransduction","14/2499","29/9522",0.482758620689655,1.83946682121124,2.70062243305833,0.00883563404735248,0.0400472244483898,0.0288683053631885,"6011/2792/810/163688/2780/3000/51806/131890/5158/5148/1259/5145/1258/8787",14
"hsa04360","Organismal Systems","Development and regeneration","hsa04360","Axon guidance","63/2499","184/9522",0.342391304347826,1.3046218487395,2.48889229166089,0.00933749533801452,0.0417793060636804,0.0301168877973748,"4233/6469/5361/2050/655/1944/2049/3984/55558/5335/2041/7474/56924/7976/2046/2048/6092/6405/84448/5881/90249/5296/29984/7224/816/2051/3897/2043/1946/22854/7223/57689/2042/7220/5293/223117/815/91653/7225/59277/9353/5063/2044/56896/9723/2770/817/4756/137970/285220/56963/56920/5362/2045/5336/6586/57556/8633/9423/6387/10398/80031/1073",63
"hsa04015","Environmental Information Processing","Signal transduction","hsa04015","Rap1 signaling pathway","71/2499","212/9522",0.334905660377358,1.27609911889284,2.42505273457416,0.0107302854041221,0.0474034127346659,0.0341710621130603,"4233/2904/9965/7422/1944/5582/26281/8817/285/109/26291/5335/5228/1813/2264/2248/8631/5881/2253/5332/810/163688/8074/8822/5296/2249/51806/4803/8823/2254/2252/1946/10000/7074/3683/5293/3479/4804/54518/1436/5156/2260/2903/2247/1435/9863/3690/3815/284/5608/4254/7010/2255/2776/2770/10235/57568/80310/108/2263/260425/5579/1268/111/1902/5028/115/2775/5906/2277/51196",71
